time,template
0.000000,-0.000000e+00
0.000244,-2.193212e-25
0.000488,-8.876472e-25
0.000732,-2.012998e-24
0.000977,-3.593258e-24
0.001221,-5.616097e-24
0.001465,-8.059065e-24
0.001709,-1.088952e-23
0.001953,-1.406537e-23
0.002197,-1.753454e-23
0.002441,-2.123647e-23
0.002686,-2.510109e-23
0.002930,-2.905260e-23
0.003174,-3.300351e-23
0.003418,-3.686605e-23
0.003662,-4.054121e-23
0.003906,-4.392684e-23
0.004150,-4.691812e-23
0.004395,-4.940834e-23
0.004639,-5.128246e-23
0.004883,-5.243457e-23
0.005127,-5.275270e-23
0.005371,-5.212518e-23
0.005615,-5.044820e-23
0.005859,-4.761603e-23
0.006104,-4.354272e-23
0.006348,-3.811759e-23
0.006592,-3.127821e-23
0.006836,-2.293637e-23
0.007080,-1.303146e-23
0.007324,-1.496663e-24
0.007568,1.168037e-23
0.007812,2.656819e-23
0.008057,4.315038e-23
0.008301,6.144291e-23
0.008545,8.144981e-23
0.008789,1.031288e-22
0.009033,1.264365e-22
0.009277,1.513130e-22
0.009521,1.776909e-22
0.009766,2.054596e-22
0.010010,2.345180e-22
0.010254,2.647487e-22
0.010498,2.959997e-22
0.010742,3.281119e-22
0.010986,3.609187e-22
0.011230,3.942131e-22
0.011475,4.278072e-22
0.011719,4.614743e-22
0.011963,4.949838e-22
0.012207,5.280878e-22
0.012451,5.605509e-22
0.012695,5.920944e-22
0.012939,6.224578e-22
0.013184,6.513606e-22
0.013428,6.785230e-22
0.013672,7.036589e-22
0.013916,7.264876e-22
0.014160,7.467136e-22
0.014404,7.640672e-22
0.014648,7.782744e-22
0.014893,7.890447e-22
0.015137,7.961256e-22
0.015381,7.992775e-22
0.015625,7.982104e-22
0.015869,7.927769e-22
0.016113,7.826962e-22
0.016357,7.678248e-22
0.016602,7.479322e-22
0.016846,7.229523e-22
0.017090,6.926677e-22
0.017334,6.570499e-22
0.017578,6.160007e-22
0.017822,5.694423e-22
0.018066,5.173525e-22
0.018311,4.598474e-22
0.018555,3.967960e-22
0.018799,3.284968e-22
0.019043,2.548722e-22
0.019287,1.761431e-22
0.019531,9.248942e-23
0.019775,4.080719e-24
0.020020,-8.874577e-23
0.020264,-1.858441e-22
0.020508,-2.867598e-22
0.020752,-3.911882e-22
0.020996,-4.987466e-22
0.021240,-6.091171e-22
0.021484,-7.216146e-22
0.021729,-8.361011e-22
0.021973,-9.517875e-22
0.022217,-1.068244e-21
0.022461,-1.184965e-21
0.022705,-1.301331e-21
0.022949,-1.416712e-21
0.023193,-1.530663e-21
0.023438,-1.642358e-21
0.023682,-1.751248e-21
0.023926,-1.856727e-21
0.024170,-1.958112e-21
0.024414,-2.054728e-21
0.024658,-2.146034e-21
0.024902,-2.231261e-21
0.025146,-2.309845e-21
0.025391,-2.381143e-21
0.025635,-2.444552e-21
0.025879,-2.499485e-21
0.026123,-2.545377e-21
0.026367,-2.581685e-21
0.026611,-2.607901e-21
0.026855,-2.623552e-21
0.027100,-2.628176e-21
0.027344,-2.621358e-21
0.027588,-2.602866e-21
0.027832,-2.572157e-21
0.028076,-2.529226e-21
0.028320,-2.473656e-21
0.028564,-2.405372e-21
0.028809,-2.324337e-21
0.029053,-2.230322e-21
0.029297,-2.123534e-21
0.029541,-2.003989e-21
0.029785,-1.871832e-21
0.030029,-1.727181e-21
0.030273,-1.570294e-21
0.030518,-1.401688e-21
0.030762,-1.221475e-21
0.031006,-1.030518e-21
0.031250,-8.291546e-22
0.031494,-6.177574e-22
0.031738,-3.974205e-22
0.031982,-1.684146e-22
0.032227,6.814302e-23
0.032471,3.116508e-22
0.032715,5.611040e-22
0.032959,8.156819e-22
0.033203,1.074276e-21
0.033447,1.335731e-21
0.033691,1.599331e-21
0.033936,1.863604e-21
0.034180,2.127524e-21
0.034424,2.390031e-21
0.034668,2.649592e-21
0.034912,2.905537e-21
0.035156,3.156100e-21
0.035400,3.400550e-21
0.035645,3.637239e-21
0.035889,3.864866e-21
0.036133,4.082629e-21
0.036377,4.289045e-21
0.036621,4.482861e-21
0.036865,4.662992e-21
0.037109,4.828354e-21
0.037354,4.977794e-21
0.037598,5.110295e-21
0.037842,5.224776e-21
0.038086,5.320406e-21
0.038330,5.396219e-21
0.038574,5.451428e-21
0.038818,5.485294e-21
0.039062,5.497196e-21
0.039307,5.486415e-21
0.039551,5.452581e-21
0.039795,5.395330e-21
0.040039,5.314240e-21
0.040283,5.209073e-21
0.040527,5.079692e-21
0.040771,4.926396e-21
0.041016,4.749114e-21
0.041260,4.547671e-21
0.041504,4.323000e-21
0.041748,4.075298e-21
0.041992,3.804947e-21
0.042236,3.512746e-21
0.042480,3.199106e-21
0.042725,2.865589e-21
0.042969,2.512841e-21
0.043213,2.141550e-21
0.043457,1.753680e-21
0.043701,1.349716e-21
0.043945,9.316496e-22
0.044189,5.005317e-22
0.044434,5.812903e-23
0.044678,-3.941399e-22
0.044922,-8.538987e-22
0.045166,-1.320472e-21
0.045410,-1.790904e-21
0.045654,-2.263960e-21
0.045898,-2.737469e-21
0.046143,-3.209654e-21
0.046387,-3.677852e-21
0.046631,-4.141274e-21
0.046875,-4.596400e-21
0.047119,-5.041984e-21
0.047363,-5.475937e-21
0.047607,-5.896179e-21
0.047852,-6.299991e-21
0.048096,-6.686526e-21
0.048340,-7.052703e-21
0.048584,-7.397349e-21
0.048828,-7.718302e-21
0.049072,-8.013668e-21
0.049316,-8.282030e-21
0.049561,-8.521387e-21
0.049805,-8.730515e-21
0.050049,-8.907805e-21
0.050293,-9.051931e-21
0.050537,-9.161689e-21
0.050781,-9.235976e-21
0.051025,-9.273859e-21
0.051270,-9.274529e-21
0.051514,-9.237255e-21
0.051758,-9.161461e-21
0.052002,-9.046839e-21
0.052246,-8.893308e-21
0.052490,-8.700741e-21
0.052734,-8.468633e-21
0.052979,-8.198648e-21
0.053223,-7.889964e-21
0.053467,-7.543693e-21
0.053711,-7.160639e-21
0.053955,-6.742016e-21
0.054199,-6.288500e-21
0.054443,-5.801088e-21
0.054688,-5.282016e-21
0.054932,-4.732957e-21
0.055176,-4.154511e-21
0.055420,-3.550411e-21
0.055664,-2.921203e-21
0.055908,-2.269719e-21
0.056152,-1.598643e-21
0.056396,-9.090938e-22
0.056641,-2.056914e-22
0.056885,5.105906e-22
0.057129,1.236284e-21
0.057373,1.968872e-21
0.057617,2.704370e-21
0.057861,3.441170e-21
0.058105,4.175526e-21
0.058350,4.904015e-21
0.058594,5.624531e-21
0.058838,6.332635e-21
0.059082,7.026495e-21
0.059326,7.702354e-21
0.059570,8.356857e-21
0.059814,8.987550e-21
0.060059,9.591413e-21
0.060303,1.016549e-20
0.060547,1.070627e-20
0.060791,1.121151e-20
0.061035,1.167879e-20
0.061279,1.210555e-20
0.061523,1.248923e-20
0.061768,1.282773e-20
0.062012,1.311868e-20
0.062256,1.336051e-20
0.062500,1.355145e-20
0.062744,1.368989e-20
0.062988,1.377451e-20
0.063232,1.380426e-20
0.063477,1.377819e-20
0.063721,1.369544e-20
0.063965,1.355579e-20
0.064209,1.335928e-20
0.064453,1.310518e-20
0.064697,1.279435e-20
0.064941,1.242669e-20
0.065186,1.200357e-20
0.065430,1.152607e-20
0.065674,1.099457e-20
0.065918,1.041108e-20
0.066162,9.777671e-21
0.066406,9.095616e-21
0.066650,8.367425e-21
0.066895,7.595095e-21
0.067139,6.782467e-21
0.067383,5.930260e-21
0.067627,5.043181e-21
0.067871,4.124480e-21
0.068115,3.176147e-21
0.068359,2.202642e-21
0.068604,1.208157e-21
0.068848,1.945700e-22
0.069092,-8.317063e-22
0.069336,-1.867583e-21
0.069580,-2.909399e-21
0.069824,-3.951931e-21
0.070068,-4.992843e-21
0.070312,-6.024873e-21
0.070557,-7.046081e-21
0.070801,-8.051136e-21
0.071045,-9.035242e-21
0.071289,-9.995418e-21
0.071533,-1.092607e-20
0.071777,-1.182345e-20
0.072021,-1.268382e-20
0.072266,-1.350312e-20
0.072510,-1.427709e-20
0.072754,-1.500140e-20
0.072998,-1.567371e-20
0.073242,-1.629023e-20
0.073486,-1.684704e-20
0.073730,-1.734205e-20
0.073975,-1.777200e-20
0.074219,-1.813439e-20
0.074463,-1.842694e-20
0.074707,-1.864764e-20
0.074951,-1.879477e-20
0.075195,-1.886685e-20
0.075439,-1.886263e-20
0.075684,-1.878138e-20
0.075928,-1.862254e-20
0.076172,-1.838572e-20
0.076416,-1.807136e-20
0.076660,-1.767925e-20
0.076904,-1.721111e-20
0.077148,-1.666728e-20
0.077393,-1.604906e-20
0.077637,-1.535812e-20
0.077881,-1.459686e-20
0.078125,-1.376856e-20
0.078369,-1.287419e-20
0.078613,-1.191809e-20
0.078857,-1.090257e-20
0.079102,-9.831134e-21
0.079346,-8.708703e-21
0.079590,-7.538843e-21
0.079834,-6.325286e-21
0.080078,-5.073172e-21
0.080322,-3.786641e-21
0.080566,-2.471923e-21
0.080811,-1.132224e-21
0.081055,2.245680e-22
0.081299,1.595642e-21
0.081543,2.974153e-21
0.081787,4.353168e-21
0.082031,5.728974e-21
0.082275,7.097100e-21
0.082520,8.448575e-21
0.082764,9.778341e-21
0.083008,1.108252e-20
0.083252,1.235478e-20
0.083496,1.358836e-20
0.083740,1.477840e-20
0.083984,1.592004e-20
0.084229,1.700706e-20
0.084473,1.803585e-20
0.084717,1.899978e-20
0.084961,1.989592e-20
0.085205,2.071903e-20
0.085449,2.146502e-20
0.085693,2.213031e-20
0.085938,2.271065e-20
0.086182,2.320376e-20
0.086426,2.360615e-20
0.086670,2.391567e-20
0.086914,2.412985e-20
0.087158,2.424698e-20
0.087402,2.426567e-20
0.087646,2.418491e-20
0.087891,2.400412e-20
0.088135,2.372293e-20
0.088379,2.334199e-20
0.088623,2.286180e-20
0.088867,2.228242e-20
0.089111,2.160733e-20
0.089355,2.083712e-20
0.089600,1.997353e-20
0.089844,1.902116e-20
0.090088,1.798174e-20
0.090332,1.685870e-20
0.090576,1.565650e-20
0.090820,1.438011e-20
0.091064,1.303219e-20
0.091309,1.161972e-20
0.091553,1.014658e-20
0.091797,8.619833e-21
0.092041,7.043855e-21
0.092285,5.424720e-21
0.092529,3.771172e-21
0.092773,2.086571e-21
0.093018,3.792583e-22
0.093262,-1.343043e-21
0.093506,-3.075784e-21
0.093750,-4.809372e-21
0.093994,-6.538263e-21
0.094238,-8.254404e-21
0.094482,-9.951349e-21
0.094727,-1.161954e-20
0.094971,-1.325417e-20
0.095215,-1.484811e-20
0.095459,-1.639435e-20
0.095703,-1.788464e-20
0.095947,-1.931435e-20
0.096191,-2.067444e-20
0.096436,-2.196062e-20
0.096680,-2.316632e-20
0.096924,-2.428637e-20
0.097168,-2.531446e-20
0.097412,-2.624685e-20
0.097656,-2.707735e-20
0.097900,-2.780312e-20
0.098145,-2.841913e-20
0.098389,-2.892297e-20
0.098633,-2.931114e-20
0.098877,-2.958111e-20
0.099121,-2.973099e-20
0.099365,-2.975906e-20
0.099609,-2.966417e-20
0.099854,-2.944618e-20
0.100098,-2.910469e-20
0.100342,-2.864005e-20
0.100586,-2.805347e-20
0.100830,-2.734610e-20
0.101074,-2.652125e-20
0.101318,-2.557973e-20
0.101562,-2.452603e-20
0.101807,-2.336203e-20
0.102051,-2.209350e-20
0.102295,-2.072443e-20
0.102539,-1.925979e-20
0.102783,-1.770423e-20
0.103027,-1.606349e-20
0.103271,-1.434543e-20
0.103516,-1.255590e-20
0.103760,-1.070186e-20
0.104004,-8.789654e-21
0.104248,-6.826809e-21
0.104492,-4.822099e-21
0.104736,-2.784598e-21
0.104980,-7.196452e-22
0.105225,1.361363e-21
0.105469,3.449841e-21
0.105713,5.540085e-21
0.105957,7.622347e-21
0.106201,9.685905e-21
0.106445,1.172300e-20
0.106689,1.372586e-20
0.106934,1.568312e-20
0.107178,1.759081e-20
0.107422,1.943700e-20
0.107666,2.121448e-20
0.107910,2.291610e-20
0.108154,2.453272e-20
0.108398,2.605915e-20
0.108643,2.748569e-20
0.108887,2.880826e-20
0.109131,3.001935e-20
0.109375,3.111362e-20
0.109619,3.208441e-20
0.109863,3.292823e-20
0.110107,3.364055e-20
0.110352,3.421719e-20
0.110596,3.465502e-20
0.110840,3.495103e-20
0.111084,3.510331e-20
0.111328,3.511026e-20
0.111572,3.497090e-20
0.111816,3.468471e-20
0.112061,3.425241e-20
0.112305,3.367403e-20
0.112549,3.295201e-20
0.112793,3.208874e-20
0.113037,3.108552e-20
0.113281,2.994720e-20
0.113525,2.867595e-20
0.113770,2.727744e-20
0.114014,2.575836e-20
0.114258,2.412138e-20
0.114502,2.237504e-20
0.114746,2.052434e-20
0.114990,1.857729e-20
0.115234,1.654053e-20
0.115479,1.442200e-20
0.115723,1.223328e-20
0.115967,9.980044e-21
0.116211,7.672464e-21
0.116455,5.317675e-21
0.116699,2.928681e-21
0.116943,5.142260e-22
0.117188,-1.915667e-21
0.117432,-4.352006e-21
0.117676,-6.783405e-21
0.117920,-9.198475e-21
0.118164,-1.158922e-20
0.118408,-1.394648e-20
0.118652,-1.625574e-20
0.118896,-1.851028e-20
0.119141,-2.070019e-20
0.119385,-2.281486e-20
0.119629,-2.484404e-20
0.119873,-2.678060e-20
0.120117,-2.861573e-20
0.120361,-3.033951e-20
0.120605,-3.194495e-20
0.120850,-3.342529e-20
0.121094,-3.477291e-20
0.121338,-3.598193e-20
0.121582,-3.704548e-20
0.121826,-3.795927e-20
0.122070,-3.871818e-20
0.122314,-3.931823e-20
0.122559,-3.975636e-20
0.122803,-4.002925e-20
0.123047,-4.013536e-20
0.123291,-4.007317e-20
0.123535,-3.984206e-20
0.123779,-3.944272e-20
0.124023,-3.887474e-20
0.124268,-3.814073e-20
0.124512,-3.724222e-20
0.124756,-3.618260e-20
0.125000,-3.496624e-20
0.125244,-3.359630e-20
0.125488,-3.207846e-20
0.125732,-3.041760e-20
0.125977,-2.862082e-20
0.126221,-2.669511e-20
0.126465,-2.464597e-20
0.126709,-2.248552e-20
0.126953,-2.022157e-20
0.127197,-1.785876e-20
0.127441,-1.541106e-20
0.127686,-1.288493e-20
0.127930,-1.029555e-20
0.128174,-7.651226e-21
0.128418,-4.960363e-21
0.128662,-2.237980e-21
0.128906,5.057830e-22
0.129150,3.261965e-21
0.129395,6.015024e-21
0.129639,8.754556e-21
0.129883,1.147139e-20
0.130127,1.414881e-20
0.130371,1.678026e-20
0.130615,1.934947e-20
0.130859,2.185117e-20
0.131104,2.426860e-20
0.131348,2.659453e-20
0.131592,2.881856e-20
0.131836,3.092782e-20
0.132080,3.291760e-20
0.132324,3.477514e-20
0.132568,3.649292e-20
0.132812,3.806311e-20
0.133057,3.947898e-20
0.133301,4.073315e-20
0.133545,4.181966e-20
0.133789,4.273354e-20
0.134033,4.346972e-20
0.134277,4.402418e-20
0.134521,4.439421e-20
0.134766,4.457752e-20
0.135010,4.457225e-20
0.135254,4.437752e-20
0.135498,4.399400e-20
0.135742,4.342171e-20
0.135986,4.266316e-20
0.136230,4.171962e-20
0.136475,4.059632e-20
0.136719,3.929514e-20
0.136963,3.782206e-20
0.137207,3.618440e-20
0.137451,3.438444e-20
0.137695,3.243160e-20
0.137939,3.033369e-20
0.138184,2.810026e-20
0.138428,2.573938e-20
0.138672,2.325828e-20
0.138916,2.067064e-20
0.139160,1.798596e-20
0.139404,1.521275e-20
0.139648,1.236509e-20
0.139893,9.457701e-21
0.140137,6.495930e-21
0.140381,3.497800e-21
0.140625,4.760659e-22
0.140869,-2.560668e-21
0.141113,-5.595180e-21
0.141357,-8.617293e-21
0.141602,-1.161258e-20
0.141846,-1.456948e-20
0.142090,-1.747510e-20
0.142334,-2.031281e-20
0.142578,-2.307422e-20
0.142822,-2.574711e-20
0.143066,-2.831610e-20
0.143311,-3.077568e-20
0.143555,-3.311025e-20
0.143799,-3.531153e-20
0.144043,-3.736674e-20
0.144287,-3.927118e-20
0.144531,-4.101178e-20
0.144775,-4.258369e-20
0.145020,-4.397743e-20
0.145264,-4.518818e-20
0.145508,-4.620807e-20
0.145752,-4.703392e-20
0.145996,-4.766041e-20
0.146240,-4.808478e-20
0.146484,-4.830434e-20
0.146729,-4.831740e-20
0.146973,-4.812345e-20
0.147217,-4.772245e-20
0.147461,-4.711600e-20
0.147705,-4.630459e-20
0.147949,-4.529304e-20
0.148193,-4.408380e-20
0.148438,-4.268200e-20
0.148682,-4.109316e-20
0.148926,-3.932362e-20
0.149170,-3.738053e-20
0.149414,-3.526971e-20
0.149658,-3.300274e-20
0.149902,-3.058802e-20
0.150146,-2.803435e-20
0.150391,-2.535350e-20
0.150635,-2.255540e-20
0.150879,-1.965585e-20
0.151123,-1.666024e-20
0.151367,-1.358678e-20
0.151611,-1.044569e-20
0.151855,-7.254835e-21
0.152100,-4.023427e-21
0.152344,-7.622574e-22
0.152588,2.504007e-21
0.152832,5.771894e-21
0.153076,9.024184e-21
0.153320,1.224225e-20
0.153564,1.541660e-20
0.153809,1.853471e-20
0.154053,2.157581e-20
0.154297,2.453227e-20
0.154541,2.739357e-20
0.154785,3.013919e-20
0.155029,3.276336e-20
0.155273,3.525073e-20
0.155518,3.759457e-20
0.155762,3.977894e-20
0.156006,4.179625e-20
0.156250,4.363896e-20
0.156494,4.529607e-20
0.156738,4.676088e-20
0.156982,4.802715e-20
0.157227,4.908826e-20
0.157471,4.993918e-20
0.157715,5.057579e-20
0.157959,5.099500e-20
0.158203,5.119425e-20
0.158447,5.117223e-20
0.158691,5.092859e-20
0.158936,5.046368e-20
0.159180,4.977919e-20
0.159424,4.887816e-20
0.159668,4.776205e-20
0.159912,4.643786e-20
0.160156,4.490844e-20
0.160400,4.318387e-20
0.160645,4.126540e-20
0.160889,3.916626e-20
0.161133,3.689241e-20
0.161377,3.445442e-20
0.161621,3.186137e-20
0.161865,2.912674e-20
0.162109,2.625965e-20
0.162354,2.327222e-20
0.162598,2.018155e-20
0.162842,1.699517e-20
0.163086,1.373124e-20
0.163330,1.039927e-20
0.163574,7.016728e-21
0.163818,3.599916e-21
0.164062,1.605368e-22
0.164307,-3.284831e-21
0.164551,-6.722721e-21
0.164795,-1.013492e-20
0.165039,-1.350962e-20
0.165283,-1.683042e-20
0.165527,-2.008418e-20
0.165771,-2.325503e-20
0.166016,-2.632897e-20
0.166260,-2.929372e-20
0.166504,-3.213345e-20
0.166748,-3.483693e-20
0.166992,-3.739216e-20
0.167236,-3.979091e-20
0.167480,-4.201591e-20
0.167725,-4.406325e-20
0.167969,-4.591897e-20
0.168213,-4.757733e-20
0.168457,-4.903057e-20
0.168701,-5.027121e-20
0.168945,-5.129318e-20
0.169189,-5.209323e-20
0.169434,-5.266568e-20
0.169678,-5.300857e-20
0.169922,-5.312010e-20
0.170166,-5.299924e-20
0.170410,-5.264613e-20
0.170654,-5.206209e-20
0.170898,-5.124989e-20
0.171143,-5.021263e-20
0.171387,-4.895204e-20
0.171631,-4.747821e-20
0.171875,-4.579270e-20
0.172119,-4.390652e-20
0.172363,-4.182426e-20
0.172607,-3.955658e-20
0.172852,-3.711213e-20
0.173096,-3.450502e-20
0.173340,-3.174177e-20
0.173584,-2.883677e-20
0.173828,-2.580127e-20
0.174072,-2.265284e-20
0.174316,-1.940097e-20
0.174561,-1.605979e-20
0.174805,-1.264385e-20
0.175049,-9.168107e-21
0.175293,-5.652692e-21
0.175537,-2.108266e-21
0.175781,1.446287e-21
0.176025,5.000186e-21
0.176270,8.534447e-21
0.176514,1.203184e-20
0.176758,1.548166e-20
0.177002,1.886232e-20
0.177246,2.216654e-20
0.177490,2.537345e-20
0.177734,2.847177e-20
0.177979,3.144356e-20
0.178223,3.428102e-20
0.178467,3.696995e-20
0.178711,3.949479e-20
0.178955,4.184889e-20
0.179199,4.401840e-20
0.179443,4.599560e-20
0.179688,4.777139e-20
0.179932,4.933685e-20
0.180176,5.068439e-20
0.180420,5.180919e-20
0.180664,5.270586e-20
0.180908,5.336978e-20
0.181152,5.379778e-20
0.181396,5.398829e-20
0.181641,5.394006e-20
0.181885,5.365310e-20
0.182129,5.312891e-20
0.182373,5.236930e-20
0.182617,5.137776e-20
0.182861,5.015744e-20
0.183105,4.871596e-20
0.183350,4.705642e-20
0.183594,4.519003e-20
0.183838,4.312358e-20
0.184082,4.086508e-20
0.184326,3.842424e-20
0.184570,3.581407e-20
0.184814,3.304502e-20
0.185059,3.012657e-20
0.185303,2.707553e-20
0.185547,2.390409e-20
0.185791,2.062323e-20
0.186035,1.725347e-20
0.186279,1.380515e-20
0.186523,1.029347e-20
0.186768,6.735555e-21
0.187012,3.145533e-21
0.187256,-4.573839e-22
0.187500,-4.060497e-21
0.187744,-7.642888e-21
0.187988,-1.119844e-20
0.188232,-1.470156e-20
0.188477,-1.813995e-20
0.188721,-2.150137e-20
0.188965,-2.476620e-20
0.189209,-2.792148e-20
0.189453,-3.095450e-20
0.189697,-3.385029e-20
0.189941,-3.659716e-20
0.190186,-3.918037e-20
0.190430,-4.159178e-20
0.190674,-4.381529e-20
0.190918,-4.584792e-20
0.191162,-4.767477e-20
0.191406,-4.929029e-20
0.191650,-5.068637e-20
0.191895,-5.185676e-20
0.192139,-5.279658e-20
0.192383,-5.350074e-20
0.192627,-5.396685e-20
0.192871,-5.419202e-20
0.193115,-5.417532e-20
0.193359,-5.391684e-20
0.193604,-5.341720e-20
0.193848,-5.267873e-20
0.194092,-5.170521e-20
0.194336,-5.049942e-20
0.194580,-4.906895e-20
0.194824,-4.741672e-20
0.195068,-4.555370e-20
0.195312,-4.348579e-20
0.195557,-4.122301e-20
0.195801,-3.877313e-20
0.196045,-3.615155e-20
0.196289,-3.336520e-20
0.196533,-3.043025e-20
0.196777,-2.735712e-20
0.197021,-2.416089e-20
0.197266,-2.085433e-20
0.197510,-1.745682e-20
0.197754,-1.397578e-20
0.197998,-1.043306e-20
0.198242,-6.844600e-21
0.198486,-3.221571e-21
0.198730,4.165136e-22
0.198975,4.053322e-21
0.199219,7.674166e-21
0.199463,1.126111e-20
0.199707,1.479804e-20
0.199951,1.826904e-20
0.200195,2.166003e-20
0.200439,2.495268e-20
0.200684,2.813514e-20
0.200928,3.119157e-20
0.201172,3.410949e-20
0.201416,3.687554e-20
0.201660,3.947360e-20
0.201904,4.189663e-20
0.202148,4.413031e-20
0.202393,4.616653e-20
0.202637,4.799506e-20
0.202881,4.960829e-20
0.203125,5.099746e-20
0.203369,5.215799e-20
0.203613,5.308287e-20
0.203857,5.376875e-20
0.204102,5.421186e-20
0.204346,5.441059e-20
0.204590,5.436357e-20
0.204834,5.407094e-20
0.205078,5.353424e-20
0.205322,5.275536e-20
0.205566,5.173746e-20
0.205811,5.048602e-20
0.206055,4.900480e-20
0.206299,4.730232e-20
0.206543,4.538472e-20
0.206787,4.326237e-20
0.207031,4.094181e-20
0.207275,3.843654e-20
0.207520,3.575562e-20
0.207764,3.291224e-20
0.208008,2.992067e-20
0.208252,2.679026e-20
0.208496,2.353784e-20
0.208740,2.017969e-20
0.208984,1.672479e-20
0.209229,1.319657e-20
0.209473,9.606287e-21
0.209717,5.973456e-21
0.209961,2.311270e-21
0.210205,-1.363677e-21
0.210449,-5.034695e-21
0.210693,-8.680142e-21
0.210938,-1.229166e-20
0.211182,-1.584624e-20
0.211426,-1.932779e-20
0.211670,-2.272514e-20
0.211914,-2.601816e-20
0.212158,-2.919482e-20
0.212402,-3.223913e-20
0.212646,-3.513721e-20
0.212891,-3.787586e-20
0.213135,-4.044480e-20
0.213379,-4.282975e-20
0.213623,-4.501888e-20
0.213867,-4.700328e-20
0.214111,-4.877538e-20
0.214355,-5.032454e-20
0.214600,-5.164450e-20
0.214844,-5.272962e-20
0.215088,-5.357460e-20
0.215332,-5.417479e-20
0.215576,-5.452794e-20
0.215820,-5.463207e-20
0.216064,-5.448679e-20
0.216309,-5.409210e-20
0.216553,-5.345016e-20
0.216797,-5.256421e-20
0.217041,-5.143686e-20
0.217285,-5.007395e-20
0.217529,-4.848166e-20
0.217773,-4.666812e-20
0.218018,-4.463800e-20
0.218262,-4.240502e-20
0.218506,-3.997534e-20
0.218750,-3.736321e-20
0.218994,-3.457950e-20
0.219238,-3.163558e-20
0.219482,-2.854613e-20
0.219727,-2.532382e-20
0.219971,-2.198477e-20
0.220215,-1.854428e-20
0.220459,-1.501973e-20
0.220703,-1.142082e-20
0.220947,-7.770467e-21
0.221191,-4.085477e-21
0.221436,-3.777784e-22
0.221680,3.332281e-21
0.221924,7.027647e-21
0.222168,1.069133e-20
0.222412,1.430649e-20
0.222656,1.785807e-20
0.222900,2.132808e-20
0.223145,2.470205e-20
0.223389,2.796282e-20
0.223633,3.109401e-20
0.223877,3.408527e-20
0.224121,3.691871e-20
0.224365,3.958260e-20
0.224609,4.206681e-20
0.224854,4.435736e-20
0.225098,4.644279e-20
0.225342,4.831528e-20
0.225586,4.996521e-20
0.225830,5.138547e-20
0.226074,5.256824e-20
0.226318,5.350943e-20
0.226562,5.420296e-20
0.226807,5.464696e-20
0.227051,5.483821e-20
0.227295,5.477611e-20
0.227539,5.446100e-20
0.227783,5.389343e-20
0.228027,5.307624e-20
0.228271,5.201477e-20
0.228516,5.071038e-20
0.228760,4.917151e-20
0.229004,4.740472e-20
0.229248,4.541816e-20
0.229492,4.321889e-20
0.229736,4.081992e-20
0.229980,3.823258e-20
0.230225,3.546522e-20
0.230469,3.253289e-20
0.230713,2.944916e-20
0.230957,2.622832e-20
0.231201,2.288222e-20
0.231445,1.943080e-20
0.231689,1.589019e-20
0.231934,1.227037e-20
0.232178,8.596172e-21
0.232422,4.879771e-21
0.232666,1.138382e-21
0.232910,-2.608940e-21
0.233154,-6.344770e-21
0.233398,-1.005338e-20
0.233643,-1.371421e-20
0.233887,-1.731188e-20
0.234131,-2.083120e-20
0.234375,-2.425567e-20
0.234619,-2.756772e-20
0.234863,-3.075189e-20
0.235107,-3.379466e-20
0.235352,-3.667787e-20
0.235596,-3.939317e-20
0.235840,-4.192634e-20
0.236084,-4.426424e-20
0.236328,-4.639505e-20
0.236572,-4.831069e-20
0.236816,-5.000186e-20
0.237061,-5.145915e-20
0.237305,-5.267748e-20
0.237549,-5.364896e-20
0.237793,-5.437072e-20
0.238037,-5.483826e-20
0.238281,-5.504975e-20
0.238525,-5.500366e-20
0.238770,-5.470034e-20
0.239014,-5.414089e-20
0.239258,-5.332798e-20
0.239502,-5.226481e-20
0.239746,-5.095666e-20
0.239990,-4.940960e-20
0.240234,-4.762998e-20
0.240479,-4.562770e-20
0.240723,-4.341031e-20
0.240967,-4.098789e-20
0.241211,-3.837393e-20
0.241455,-3.557961e-20
0.241699,-3.261664e-20
0.241943,-2.949727e-20
0.242188,-2.624165e-20
0.242432,-2.286080e-20
0.242676,-1.937041e-20
0.242920,-1.578998e-20
0.243164,-1.213313e-20
0.243408,-8.418603e-21
0.243652,-4.662181e-21
0.243896,-8.831703e-22
0.244141,2.900652e-21
0.244385,6.673158e-21
0.244629,1.041324e-20
0.244873,1.410498e-20
0.245117,1.773419e-20
0.245361,2.127889e-20
0.245605,2.472550e-20
0.245850,2.805618e-20
0.246094,3.125659e-20
0.246338,3.430878e-20
0.246582,3.720104e-20
0.246826,3.991947e-20
0.247070,4.244990e-20
0.247314,4.477933e-20
0.247559,4.689971e-20
0.247803,4.879802e-20
0.248047,5.046762e-20
0.248291,5.189822e-20
0.248535,5.308334e-20
0.248779,5.401873e-20
0.249023,5.469877e-20
0.249268,5.512019e-20
0.249512,5.528097e-20
0.249756,5.517996e-20
0.250000,5.481791e-20
0.250244,5.419581e-20
0.250488,5.331681e-20
0.250732,5.218501e-20
0.250977,5.080640e-20
0.251221,4.918469e-20
0.251465,4.733010e-20
0.251709,4.525168e-20
0.251953,4.295527e-20
0.252197,4.045553e-20
0.252441,3.776455e-20
0.252686,3.489135e-20
0.252930,3.185326e-20
0.253174,2.866054e-20
0.253418,2.533398e-20
0.253662,2.188191e-20
0.253906,1.832668e-20
0.254150,1.468530e-20
0.254395,1.096854e-20
0.254639,7.200546e-21
0.254883,3.399303e-21
0.255127,-4.221577e-22
0.255371,-4.242283e-21
0.255615,-8.039529e-21
0.255859,-1.180582e-20
0.256104,-1.551320e-20
0.256348,-1.914891e-20
0.256592,-2.269552e-20
0.256836,-2.613295e-20
0.257080,-2.944782e-20
0.257324,-3.262139e-20
0.257568,-3.564386e-20
0.257812,-3.849404e-20
0.258057,-4.116216e-20
0.258301,-4.363518e-20
0.258545,-4.589910e-20
0.258789,-4.794503e-20
0.259033,-4.976213e-20
0.259277,-5.134165e-20
0.259521,-5.267654e-20
0.259766,-5.376004e-20
0.260010,-5.458597e-20
0.260254,-5.515105e-20
0.260498,-5.545211e-20
0.260742,-5.548761e-20
0.260986,-5.525715e-20
0.261230,-5.476208e-20
0.261475,-5.400385e-20
0.261719,-5.298693e-20
0.261963,-5.171584e-20
0.262207,-5.019518e-20
0.262451,-4.843324e-20
0.262695,-4.643933e-20
0.262939,-4.422127e-20
0.263184,-4.179046e-20
0.263428,-3.915734e-20
0.263672,-3.633429e-20
0.263916,-3.333731e-20
0.264160,-3.017816e-20
0.264404,-2.687476e-20
0.264648,-2.343853e-20
0.264893,-1.988885e-20
0.265137,-1.624602e-20
0.265381,-1.251785e-20
0.265625,-8.731984e-21
0.265869,-4.903403e-21
0.266113,-1.047133e-21
0.266357,2.813185e-21
0.266602,6.662326e-21
0.266846,1.048003e-20
0.267090,1.424787e-20
0.267334,1.794928e-20
0.267578,2.156316e-20
0.267822,2.507520e-20
0.268066,2.846829e-20
0.268311,3.172445e-20
0.268555,3.482793e-20
0.268799,3.776495e-20
0.269043,4.051872e-20
0.269287,4.307937e-20
0.269531,4.543003e-20
0.269775,4.756339e-20
0.270020,4.946694e-20
0.270264,5.113141e-20
0.270508,5.254929e-20
0.270752,5.371286e-20
0.270996,5.461645e-20
0.271240,5.525587e-20
0.271484,5.562750e-20
0.271729,5.572950e-20
0.271973,5.556118e-20
0.272217,5.512347e-20
0.272461,5.441806e-20
0.272705,5.344797e-20
0.272949,5.221870e-20
0.273193,5.073512e-20
0.273438,4.900403e-20
0.273682,4.703625e-20
0.273926,4.483581e-20
0.274170,4.241997e-20
0.274414,3.979407e-20
0.274658,3.697646e-20
0.274902,3.397589e-20
0.275146,3.081076e-20
0.275391,2.749513e-20
0.275635,2.404206e-20
0.275879,2.047118e-20
0.276123,1.680150e-20
0.276367,1.304933e-20
0.276611,9.229572e-21
0.276855,5.364095e-21
0.277100,1.471745e-21
0.277344,-2.428495e-21
0.277588,-6.320989e-21
0.277832,-1.017828e-20
0.278076,-1.399327e-20
0.278320,-1.773728e-20
0.278564,-2.139695e-20
0.278809,-2.495426e-20
0.279053,-2.838870e-20
0.279297,-3.168645e-20
0.279541,-3.482850e-20
0.279785,-3.780344e-20
0.280029,-4.059270e-20
0.280273,-4.318610e-20
0.280518,-4.556740e-20
0.280762,-4.772697e-20
0.281006,-4.965310e-20
0.281250,-5.133698e-20
0.281494,-5.276888e-20
0.281738,-5.394294e-20
0.281982,-5.485270e-20
0.282227,-5.549387e-20
0.282471,-5.586287e-20
0.282715,-5.595757e-20
0.282959,-5.577749e-20
0.283203,-5.532366e-20
0.283447,-5.459822e-20
0.283691,-5.360367e-20
0.283936,-5.234480e-20
0.284180,-5.082884e-20
0.284424,-4.906269e-20
0.284668,-4.705407e-20
0.284912,-4.481353e-20
0.285156,-4.235206e-20
0.285400,-3.967932e-20
0.285645,-3.681177e-20
0.285889,-3.376239e-20
0.286133,-3.054617e-20
0.286377,-2.717741e-20
0.286621,-2.367250e-20
0.286865,-2.005016e-20
0.287109,-1.632822e-20
0.287354,-1.252671e-20
0.287598,-8.657662e-21
0.287842,-4.746817e-21
0.288086,-8.118059e-22
0.288330,3.127945e-21
0.288574,7.054679e-21
0.288818,1.094896e-20
0.289062,1.478815e-20
0.289307,1.855497e-20
0.289551,2.223393e-20
0.289795,2.580198e-20
0.290039,2.924598e-20
0.290283,3.254292e-20
0.290527,3.568347e-20
0.290771,3.864391e-20
0.291016,4.141721e-20
0.291260,4.398456e-20
0.291504,4.633541e-20
0.291748,4.845777e-20
0.291992,5.033923e-20
0.292236,5.197205e-20
0.292480,5.334719e-20
0.292725,5.445779e-20
0.292969,5.529859e-20
0.293213,5.586483e-20
0.293457,5.615369e-20
0.293701,5.616345e-20
0.293945,5.589401e-20
0.294189,5.534660e-20
0.294434,5.452347e-20
0.294678,5.342885e-20
0.294922,5.206813e-20
0.295166,5.044726e-20
0.295410,4.857396e-20
0.295654,4.645912e-20
0.295898,4.411247e-20
0.296143,4.154334e-20
0.296387,3.876770e-20
0.296631,3.579827e-20
0.296875,3.264701e-20
0.297119,2.933506e-20
0.297363,2.587320e-20
0.297607,2.228305e-20
0.297852,1.857780e-20
0.298096,1.477900e-20
0.298340,1.090561e-20
0.298584,6.976987e-21
0.298828,3.012747e-21
0.299072,-9.690177e-22
0.299316,-4.946688e-21
0.299561,-8.902061e-21
0.299805,-1.281528e-20
0.300049,-1.666175e-20
0.300293,-2.042879e-20
0.300537,-2.409418e-20
0.300781,-2.763952e-20
0.301025,-3.104704e-20
0.301270,-3.429961e-20
0.301514,-3.738350e-20
0.301758,-4.028032e-20
0.302002,-4.297549e-20
0.302246,-4.545443e-20
0.302490,-4.770861e-20
0.302734,-4.972171e-20
0.302979,-5.148700e-20
0.303223,-5.299314e-20
0.303467,-5.423380e-20
0.303711,-5.520200e-20
0.303955,-5.589301e-20
0.304199,-5.630277e-20
0.304443,-5.642947e-20
0.304688,-5.627210e-20
0.304932,-5.583123e-20
0.305176,-5.510943e-20
0.305420,-5.410915e-20
0.305664,-5.283530e-20
0.305908,-5.129533e-20
0.306152,-4.949730e-20
0.306396,-4.744680e-20
0.306641,-4.515733e-20
0.306885,-4.263958e-20
0.307129,-3.990497e-20
0.307373,-3.696701e-20
0.307617,-3.384304e-20
0.307861,-3.054755e-20
0.308105,-2.709414e-20
0.308350,-2.350300e-20
0.308594,-1.979228e-20
0.308838,-1.598238e-20
0.309082,-1.208759e-20
0.309326,-8.130860e-21
0.309570,-4.133922e-21
0.309814,-1.135777e-22
0.310059,3.909837e-21
0.310303,7.917630e-21
0.310547,1.188263e-20
0.310791,1.578983e-20
0.311035,1.961771e-20
0.311279,2.334682e-20
0.311523,2.696129e-20
0.311768,3.043656e-20
0.312012,3.376091e-20
0.312256,3.691437e-20
0.312500,3.988091e-20
0.312744,4.264654e-20
0.312988,4.519586e-20
0.313232,4.751492e-20
0.313477,4.959553e-20
0.313721,5.142249e-20
0.313965,5.298893e-20
0.314209,5.428651e-20
0.314453,5.530782e-20
0.314697,5.604788e-20
0.314941,5.650223e-20
0.315186,5.666888e-20
0.315430,5.654667e-20
0.315674,5.613617e-20
0.315918,5.543870e-20
0.316162,5.445846e-20
0.316406,5.319958e-20
0.316650,5.166880e-20
0.316895,4.987387e-20
0.317139,4.782390e-20
0.317383,4.552828e-20
0.317627,4.299727e-20
0.317871,4.024929e-20
0.318115,3.729133e-20
0.318359,3.414326e-20
0.318604,3.081847e-20
0.318848,2.733677e-20
0.319092,2.370983e-20
0.319336,1.996383e-20
0.319580,1.611324e-20
0.319824,1.217932e-20
0.320068,8.178805e-21
0.320312,4.137254e-21
0.320557,7.196237e-23
0.320801,-3.992765e-21
0.321045,-8.039527e-21
0.321289,-1.204751e-20
0.321533,-1.599272e-20
0.321777,-1.985988e-20
0.322021,-2.362410e-20
0.322266,-2.727074e-20
0.322510,-3.077485e-20
0.322754,-3.412571e-20
0.322998,-3.730017e-20
0.323242,-4.028209e-20
0.323486,-4.305975e-20
0.323730,-4.561618e-20
0.323975,-4.793818e-20
0.324219,-5.001374e-20
0.324463,-5.183356e-20
0.324707,-5.338573e-20
0.324951,-5.466350e-20
0.325195,-5.565987e-20
0.325439,-5.636881e-20
0.325684,-5.678709e-20
0.325928,-5.691244e-20
0.326172,-5.674386e-20
0.326416,-5.628225e-20
0.326660,-5.552918e-20
0.326904,-5.448925e-20
0.327148,-5.316691e-20
0.327393,-5.156932e-20
0.327637,-4.970384e-20
0.327881,-4.758070e-20
0.328125,-4.521083e-20
0.328369,-4.260645e-20
0.328613,-3.977977e-20
0.328857,-3.674509e-20
0.329102,-3.352068e-20
0.329346,-3.011901e-20
0.329590,-2.656344e-20
0.329834,-2.286635e-20
0.330078,-1.904821e-20
0.330322,-1.513206e-20
0.330566,-1.113489e-20
0.330811,-7.080815e-21
0.331055,-2.985709e-21
0.331299,1.125733e-21
0.331543,5.232141e-21
0.331787,9.312167e-21
0.332031,1.334798e-20
0.332275,1.731343e-20
0.332520,2.118960e-20
0.332764,2.495942e-20
0.333008,2.859841e-20
0.333252,3.208920e-20
0.333496,3.541495e-20
0.333740,3.855808e-20
0.333984,4.149952e-20
0.334229,4.422636e-20
0.334473,4.672307e-20
0.334717,4.897745e-20
0.334961,5.097738e-20
0.335205,5.271002e-20
0.335449,5.416972e-20
0.335693,5.534644e-20
0.335938,5.623366e-20
0.336182,5.682724e-20
0.336426,5.712414e-20
0.336670,5.712211e-20
0.336914,5.682134e-20
0.337158,5.622272e-20
0.337402,5.532946e-20
0.337646,5.414622e-20
0.337891,5.267910e-20
0.338135,5.093574e-20
0.338379,4.892341e-20
0.338623,4.665398e-20
0.338867,4.414040e-20
0.339111,4.139250e-20
0.339355,3.842796e-20
0.339600,3.525982e-20
0.339844,3.190442e-20
0.340088,2.838219e-20
0.340332,2.470861e-20
0.340576,2.090442e-20
0.340820,1.698793e-20
0.341064,1.298299e-20
0.341309,8.905541e-21
0.341553,4.780386e-21
0.341797,6.292276e-22
0.342041,-3.526084e-21
0.342285,-7.667140e-21
0.342529,-1.176689e-20
0.342773,-1.580547e-20
0.343018,-1.976487e-20
0.343262,-2.361758e-20
0.343506,-2.735122e-20
0.343750,-3.093968e-20
0.343994,-3.436417e-20
0.344238,-3.761077e-20
0.344482,-4.066059e-20
0.344727,-4.349493e-20
0.344971,-4.610111e-20
0.345215,-4.846504e-20
0.345459,-5.057219e-20
0.345703,-5.241381e-20
0.345947,-5.397765e-20
0.346191,-5.525667e-20
0.346436,-5.624298e-20
0.346680,-5.693233e-20
0.346924,-5.731998e-20
0.347168,-5.740409e-20
0.347412,-5.718395e-20
0.347656,-5.666009e-20
0.347900,-5.583614e-20
0.348145,-5.471474e-20
0.348389,-5.330284e-20
0.348633,-5.160804e-20
0.348877,-4.963680e-20
0.349121,-4.740319e-20
0.349365,-4.491525e-20
0.349609,-4.218795e-20
0.349854,-3.923574e-20
0.350098,-3.607426e-20
0.350342,-3.271814e-20
0.350586,-2.918786e-20
0.350830,-2.549993e-20
0.351074,-2.167542e-20
0.351318,-1.773465e-20
0.351562,-1.369519e-20
0.351807,-9.584422e-21
0.352051,-5.420856e-21
0.352295,-1.224020e-21
0.352539,2.976711e-21
0.352783,7.166795e-21
0.353027,1.131860e-20
0.353271,1.540996e-20
0.353516,1.942240e-20
0.353760,2.333266e-20
0.354004,2.711820e-20
0.354248,3.076181e-20
0.354492,3.424014e-20
0.354736,3.753811e-20
0.354980,4.063642e-20
0.355225,4.351716e-20
0.355469,4.616553e-20
0.355713,4.856823e-20
0.355957,5.071162e-20
0.356201,5.258470e-20
0.356445,5.417475e-20
0.356689,5.547581e-20
0.356934,5.647940e-20
0.357178,5.717997e-20
0.357422,5.757416e-20
0.357666,5.765899e-20
0.357910,5.743397e-20
0.358154,5.690045e-20
0.358398,5.606034e-20
0.358643,5.491871e-20
0.358887,5.348148e-20
0.359131,5.175591e-20
0.359375,4.975018e-20
0.359619,4.747703e-20
0.359863,4.494619e-20
0.360107,4.217319e-20
0.360352,3.917111e-20
0.360596,3.595653e-20
0.360840,3.254952e-20
0.361084,2.896262e-20
0.361328,2.521863e-20
0.361572,2.133690e-20
0.361816,1.733996e-20
0.362061,1.324686e-20
0.362305,9.081332e-21
0.362549,4.864107e-21
0.362793,6.205762e-22
0.363037,-3.628081e-21
0.363281,-7.860634e-21
0.363525,-1.205066e-20
0.363770,-1.617804e-20
0.364014,-2.021866e-20
0.364258,-2.415063e-20
0.364502,-2.795339e-20
0.364746,-3.160696e-20
0.364990,-3.508850e-20
0.365234,-3.838262e-20
0.365479,-4.147043e-20
0.365723,-4.433315e-20
0.365967,-4.695535e-20
0.366211,-4.932566e-20
0.366455,-5.142669e-20
0.366699,-5.325077e-20
0.366943,-5.478478e-20
0.367188,-5.602262e-20
0.367432,-5.695562e-20
0.367676,-5.757884e-20
0.367920,-5.788909e-20
0.368164,-5.788423e-20
0.368408,-5.756402e-20
0.368652,-5.693049e-20
0.368896,-5.598625e-20
0.369141,-5.473639e-20
0.369385,-5.318783e-20
0.369629,-5.134812e-20
0.369873,-4.922689e-20
0.370117,-4.683795e-20
0.370361,-4.419013e-20
0.370605,-4.130147e-20
0.370850,-3.818664e-20
0.371094,-3.486118e-20
0.371338,-3.134298e-20
0.371582,-2.765334e-20
0.371826,-2.380930e-20
0.372070,-1.983574e-20
0.372314,-1.575112e-20
0.372559,-1.157853e-20
0.372803,-7.340750e-21
0.373047,-3.062727e-21
0.373291,1.235643e-21
0.373535,5.526393e-21
0.373779,9.790401e-21
0.374023,1.400247e-20
0.374268,1.813943e-20
0.374512,2.217605e-20
0.374756,2.609583e-20
0.375000,2.987071e-20
0.375244,3.348384e-20
0.375488,3.691513e-20
0.375732,4.014348e-20
0.375977,4.315363e-20
0.376221,4.592581e-20
0.376465,4.844748e-20
0.376709,5.070335e-20
0.376953,5.267965e-20
0.377197,5.436768e-20
0.377441,5.575633e-20
0.377686,5.683769e-20
0.377930,5.760630e-20
0.378174,5.805746e-20
0.378418,5.818825e-20
0.378662,5.799801e-20
0.378906,5.748742e-20
0.379150,5.665884e-20
0.379395,5.551722e-20
0.379639,5.406798e-20
0.379883,5.231947e-20
0.380127,5.028041e-20
0.380371,4.796318e-20
0.380615,4.537903e-20
0.380859,4.254372e-20
0.381104,3.947041e-20
0.381348,3.617844e-20
0.381592,3.268392e-20
0.381836,2.900516e-20
0.382080,2.516786e-20
0.382324,2.118613e-20
0.382568,1.708677e-20
0.382812,1.289169e-20
0.383057,8.623278e-21
0.383301,4.303397e-21
0.383545,-4.045602e-23
0.383789,-4.384144e-21
0.384033,-8.707070e-21
0.384277,-1.298426e-20
0.384521,-1.718926e-20
0.384766,-2.130204e-20
0.385010,-2.529547e-20
0.385254,-2.914976e-20
0.385498,-3.284333e-20
0.385742,-3.635616e-20
0.385986,-3.966709e-20
0.386230,-4.275823e-20
0.386475,-4.561214e-20
0.386719,-4.821271e-20
0.386963,-5.054476e-20
0.387207,-5.259598e-20
0.387451,-5.435352e-20
0.387695,-5.580875e-20
0.387939,-5.695211e-20
0.388184,-5.777771e-20
0.388428,-5.828037e-20
0.388672,-5.845718e-20
0.388916,-5.830690e-20
0.389160,-5.783008e-20
0.389404,-5.702953e-20
0.389648,-5.590880e-20
0.389893,-5.447483e-20
0.390137,-5.273422e-20
0.390381,-5.069789e-20
0.390625,-4.837587e-20
0.390869,-4.578190e-20
0.391113,-4.292926e-20
0.391357,-3.983557e-20
0.391602,-3.651619e-20
0.391846,-3.298944e-20
0.392090,-2.927799e-20
0.392334,-2.539801e-20
0.392578,-2.137509e-20
0.392822,-1.723104e-20
0.393066,-1.298654e-20
0.393311,-8.669735e-21
0.393555,-4.300510e-21
0.393799,9.302081e-23
0.394043,4.489678e-21
0.394287,8.861113e-21
0.394531,1.318532e-20
0.394775,1.743611e-20
0.395020,2.159033e-20
0.395264,2.562444e-20
0.395508,2.951557e-20
0.395752,3.324160e-20
0.395996,3.678064e-20
0.396240,4.011528e-20
0.396484,4.322123e-20
0.396729,4.608644e-20
0.396973,4.868987e-20
0.397217,5.101946e-20
0.397461,5.306161e-20
0.397705,5.480368e-20
0.397949,5.623626e-20
0.398193,5.735020e-20
0.398438,5.813983e-20
0.398682,5.859981e-20
0.398926,5.872744e-20
0.399170,5.852183e-20
0.399414,5.798403e-20
0.399658,5.711620e-20
0.399902,5.592434e-20
0.400146,5.441368e-20
0.400391,5.259257e-20
0.400635,5.047276e-20
0.400879,4.806506e-20
0.401123,4.538234e-20
0.401367,4.243949e-20
0.401611,3.925425e-20
0.401855,3.584470e-20
0.402100,3.222946e-20
0.402344,2.842897e-20
0.402588,2.446474e-20
0.402832,2.035842e-20
0.403076,1.613670e-20
0.403320,1.181849e-20
0.403564,7.431786e-21
0.403809,3.002540e-21
0.404053,-1.447547e-21
0.404297,-5.890365e-21
0.404541,-1.029875e-20
0.404785,-1.465453e-20
0.405029,-1.892483e-20
0.405273,-2.308952e-20
0.405518,-2.712460e-20
0.405762,-3.100523e-20
0.406006,-3.471058e-20
0.406250,-3.821778e-20
0.406494,-4.150605e-20
0.406738,-4.455840e-20
0.406982,-4.735589e-20
0.407227,-4.988387e-20
0.407471,-5.212640e-20
0.407715,-5.406930e-20
0.407959,-5.570347e-20
0.408203,-5.701733e-20
0.408447,-5.800461e-20
0.408691,-5.865819e-20
0.408936,-5.897471e-20
0.409180,-5.895201e-20
0.409424,-5.858995e-20
0.409668,-5.789004e-20
0.409912,-5.685660e-20
0.410156,-5.549541e-20
0.410400,-5.381310e-20
0.410645,-5.182047e-20
0.410889,-4.952764e-20
0.411133,-4.694743e-20
0.411377,-4.409674e-20
0.411621,-4.098836e-20
0.411865,-3.764448e-20
0.412109,-3.408033e-20
0.412354,-3.031608e-20
0.412598,-2.637718e-20
0.412842,-2.228236e-20
0.413086,-1.806019e-20
0.413330,-1.372826e-20
0.413574,-9.315793e-21
0.413818,-4.849246e-21
0.414062,-3.508798e-22
0.414307,4.148758e-21
0.414551,8.628973e-21
0.414795,1.305927e-20
0.415039,1.741744e-20
0.415283,2.167464e-20
0.415527,2.580701e-20
0.415771,2.979210e-20
0.416016,3.360503e-20
0.416260,3.722504e-20
0.416504,4.063143e-20
0.416748,4.380149e-20
0.416992,4.671743e-20
0.417236,4.936321e-20
0.417480,5.172128e-20
0.417725,5.377933e-20
0.417969,5.552576e-20
0.418213,5.694974e-20
0.418457,5.804085e-20
0.418701,5.879536e-20
0.418945,5.920587e-20
0.419189,5.927150e-20
0.419434,5.899108e-20
0.419678,5.836593e-20
0.419922,5.739921e-20
0.420166,5.609579e-20
0.420410,5.446515e-20
0.420654,5.251456e-20
0.420898,5.025721e-20
0.421143,4.770226e-20
0.421387,4.486833e-20
0.421631,4.176972e-20
0.421875,3.842698e-20
0.422119,3.485695e-20
0.422363,3.108104e-20
0.422607,2.711879e-20
0.422852,2.299971e-20
0.423096,1.874223e-20
0.423340,1.437198e-20
0.423584,9.913596e-21
0.423828,5.399467e-21
0.424072,8.498486e-22
0.424316,-3.704028e-21
0.424561,-8.242604e-21
0.424805,-1.273283e-20
0.425049,-1.715090e-20
0.425293,-2.146559e-20
0.425537,-2.565751e-20
0.425781,-2.970169e-20
0.426025,-3.357321e-20
0.426270,-3.724473e-20
0.426514,-4.069969e-20
0.426758,-4.391788e-20
0.427002,-4.687738e-20
0.427246,-4.956017e-20
0.427490,-5.195183e-20
0.427734,-5.403590e-20
0.427979,-5.580371e-20
0.428223,-5.724090e-20
0.428467,-5.834073e-20
0.428711,-5.909494e-20
0.428955,-5.950012e-20
0.429199,-5.955307e-20
0.429443,-5.925301e-20
0.429688,-5.860196e-20
0.429932,-5.760315e-20
0.430176,-5.626199e-20
0.430420,-5.458709e-20
0.430664,-5.258803e-20
0.430908,-5.027416e-20
0.431152,-4.766043e-20
0.431396,-4.476455e-20
0.431641,-4.160022e-20
0.431885,-3.818642e-20
0.432129,-3.454610e-20
0.432373,-3.069797e-20
0.432617,-2.666465e-20
0.432861,-2.247245e-20
0.433105,-1.814114e-20
0.433350,-1.370593e-20
0.433594,-9.181803e-21
0.433838,-4.604542e-21
0.434082,3.990032e-24
0.434326,4.615422e-21
0.434570,9.197704e-21
0.434814,1.372978e-20
0.435059,1.818181e-20
0.435303,2.252795e-20
0.435547,2.673960e-20
0.435791,3.079319e-20
0.436035,3.466288e-20
0.436279,3.833048e-20
0.436523,4.176799e-20
0.436768,4.495445e-20
0.437012,4.787665e-20
0.437256,5.051150e-20
0.437500,5.284558e-20
0.437744,5.486213e-20
0.437988,5.655131e-20
0.438232,5.790188e-20
0.438477,5.890593e-20
0.438721,5.955587e-20
0.438965,5.984841e-20
0.439209,5.978136e-20
0.439453,5.935506e-20
0.439697,5.857161e-20
0.439941,5.743499e-20
0.440186,5.595265e-20
0.440430,5.413086e-20
0.440674,5.198574e-20
0.440918,4.952389e-20
0.441162,4.676340e-20
0.441406,4.371974e-20
0.441650,4.040900e-20
0.441895,3.685631e-20
0.442139,3.307746e-20
0.442383,2.909712e-20
0.442627,2.494168e-20
0.442871,2.063207e-20
0.443115,1.619494e-20
0.443359,1.166057e-20
0.443604,7.053699e-21
0.443848,2.398476e-21
0.444092,-2.272418e-21
0.444336,-6.929779e-21
0.444580,-1.154811e-20
0.444824,-1.609494e-20
0.445068,-2.055234e-20
0.445312,-2.488353e-20
0.445557,-2.906405e-20
0.445801,-3.307397e-20
0.446045,-3.688243e-20
0.446289,-4.046650e-20
0.446533,-4.380967e-20
0.446777,-4.688664e-20
0.447021,-4.968086e-20
0.447266,-5.217201e-20
0.447510,-5.434736e-20
0.447754,-5.619355e-20
0.447998,-5.769712e-20
0.448242,-5.885150e-20
0.448486,-5.964605e-20
0.448730,-6.007823e-20
0.448975,-6.014392e-20
0.449219,-5.984267e-20
0.449463,-5.917576e-20
0.449707,-5.814771e-20
0.449951,-5.676389e-20
0.450195,-5.503187e-20
0.450439,-5.296375e-20
0.450684,-5.057048e-20
0.450928,-4.786792e-20
0.451172,-4.486838e-20
0.451416,-4.159450e-20
0.451660,-3.806372e-20
0.451904,-3.430035e-20
0.452148,-3.032443e-20
0.452393,-2.615841e-20
0.452637,-2.183339e-20
0.452881,-1.737169e-20
0.453125,-1.279962e-20
0.453369,-8.149619e-21
0.453613,-3.442929e-21
0.453857,1.280593e-21
0.454102,6.004765e-21
0.454346,1.068953e-20
0.454590,1.531243e-20
0.454834,1.984140e-20
0.455078,2.425114e-20
0.455322,2.851350e-20
0.455566,3.260443e-20
0.455811,3.649382e-20
0.456055,4.015995e-20
0.456299,4.357940e-20
0.456543,4.673160e-20
0.456787,4.959792e-20
0.457031,5.215961e-20
0.457275,5.439921e-20
0.457520,5.630365e-20
0.457764,5.786035e-20
0.458008,5.906135e-20
0.458252,5.989597e-20
0.458496,6.036114e-20
0.458740,6.045258e-20
0.458984,6.016965e-20
0.459229,5.951330e-20
0.459473,5.848850e-20
0.459717,5.709992e-20
0.459961,5.535786e-20
0.460205,5.327057e-20
0.460449,5.085163e-20
0.460693,4.811466e-20
0.460938,4.507916e-20
0.461182,4.176155e-20
0.461426,3.818422e-20
0.461670,3.436416e-20
0.461914,3.033471e-20
0.462158,2.610914e-20
0.462402,2.172156e-20
0.462646,1.719496e-20
0.462891,1.255823e-20
0.463135,7.844740e-21
0.463379,3.077474e-21
0.463623,-1.708362e-21
0.463867,-6.485687e-21
0.464111,-1.122741e-20
0.464355,-1.589843e-20
0.464600,-2.047661e-20
0.464844,-2.492363e-20
0.465088,-2.922100e-20
0.465332,-3.333425e-20
0.465576,-3.724307e-20
0.465820,-4.091900e-20
0.466064,-4.433975e-20
0.466309,-4.748614e-20
0.466553,-5.033461e-20
0.466797,-5.286988e-20
0.467041,-5.507499e-20
0.467285,-5.693438e-20
0.467529,-5.843794e-20
0.467773,-5.957532e-20
0.468018,-6.033857e-20
0.468262,-6.072304e-20
0.468506,-6.072590e-20
0.468750,-6.034695e-20
0.468994,-5.958800e-20
0.469238,-5.845438e-20
0.469482,-5.695059e-20
0.469727,-5.508970e-20
0.469971,-5.287854e-20
0.470215,-5.033432e-20
0.470459,-4.747045e-20
0.470703,-4.430820e-20
0.470947,-4.086379e-20
0.471191,-3.715769e-20
0.471436,-3.321502e-20
0.471680,-2.906216e-20
0.471924,-2.472709e-20
0.472168,-2.022867e-20
0.472412,-1.560104e-20
0.472656,-1.087620e-20
0.472900,-6.074900e-21
0.473145,-1.239415e-21
0.473389,3.611667e-21
0.473633,8.439268e-21
0.473877,1.321646e-20
0.474121,1.791376e-20
0.474365,2.249682e-20
0.474609,2.693752e-20
0.474854,3.121415e-20
0.475098,3.529189e-20
0.475342,3.914789e-20
0.475586,4.275531e-20
0.475830,4.609252e-20
0.476074,4.914026e-20
0.476318,5.187428e-20
0.476562,5.427976e-20
0.476807,5.634020e-20
0.477051,5.804267e-20
0.477295,5.937623e-20
0.477539,6.033230e-20
0.477783,6.090294e-20
0.478027,6.108530e-20
0.478271,6.087759e-20
0.478516,6.028097e-20
0.478760,5.929936e-20
0.479004,5.793674e-20
0.479248,5.620356e-20
0.479492,5.411122e-20
0.479736,5.167091e-20
0.479980,4.889813e-20
0.480225,4.581143e-20
0.480469,4.242712e-20
0.480713,3.877255e-20
0.480957,3.486473e-20
0.481201,3.073287e-20
0.481445,2.640355e-20
0.481689,2.190195e-20
0.481934,1.725676e-20
0.482178,1.249582e-20
0.482422,7.655059e-21
0.482666,2.765663e-21
0.482910,-2.148405e-21
0.483154,-7.049948e-21
0.483398,-1.190465e-20
0.483643,-1.669217e-20
0.483887,-2.136623e-20
0.484131,-2.590999e-20
0.484375,-3.028780e-20
0.484619,-3.447294e-20
0.484863,-3.843443e-20
0.485107,-4.215252e-20
0.485352,-4.559987e-20
0.485596,-4.875282e-20
0.485840,-5.159263e-20
0.486084,-5.409916e-20
0.486328,-5.625781e-20
0.486572,-5.805358e-20
0.486816,-5.947342e-20
0.487061,-6.050942e-20
0.487305,-6.115370e-20
0.487549,-6.140152e-20
0.487793,-6.125119e-20
0.488037,-6.070370e-20
0.488281,-5.976183e-20
0.488525,-5.843094e-20
0.488770,-5.672038e-20
0.489014,-5.463963e-20
0.489258,-5.220249e-20
0.489502,-4.942510e-20
0.489746,-4.632481e-20
0.489990,-4.292221e-20
0.490234,-3.923790e-20
0.490479,-3.529783e-20
0.490723,-3.112200e-20
0.490967,-2.674622e-20
0.491211,-2.218892e-20
0.491455,-1.748729e-20
0.491699,-1.267119e-20
0.491943,-7.764616e-21
0.492188,-2.807804e-21
0.492432,2.167764e-21
0.492676,7.132392e-21
0.492920,1.205543e-20
0.493164,1.689816e-20
0.493408,2.163522e-20
0.493652,2.623357e-20
0.493896,3.065958e-20
0.494141,3.488599e-20
0.494385,3.888943e-20
0.494629,4.263799e-20
0.494873,4.610717e-20
0.495117,4.927540e-20
0.495361,5.212315e-20
0.495605,5.462825e-20
0.495850,5.677677e-20
0.496094,5.855274e-20
0.496338,5.994397e-20
0.496582,6.094147e-20
0.496826,6.153791e-20
0.497070,6.172946e-20
0.497314,6.151413e-20
0.497559,6.089327e-20
0.497803,5.987037e-20
0.498047,5.845225e-20
0.498291,5.664737e-20
0.498535,5.446670e-20
0.498779,5.192646e-20
0.499023,4.904260e-20
0.499268,4.583024e-20
0.499512,4.231502e-20
0.499756,3.851969e-20
0.500000,3.446629e-20
0.500244,3.018032e-20
0.500488,2.569568e-20
0.500732,2.103699e-20
0.500977,1.623482e-20
0.501221,1.132450e-20
0.501465,6.335813e-21
0.501709,1.303680e-21
0.501953,-3.740392e-21
0.502197,-8.760081e-21
0.502441,-1.372483e-20
0.502686,-1.860244e-20
0.502930,-2.335763e-20
0.503174,-2.795957e-20
0.503418,-3.237669e-20
0.503662,-3.658105e-20
0.503906,-4.054504e-20
0.504150,-4.423910e-20
0.504395,-4.764109e-20
0.504639,-5.072500e-20
0.504883,-5.347292e-20
0.505127,-5.586625e-20
0.505371,-5.788605e-20
0.505615,-5.951913e-20
0.505859,-6.075682e-20
0.506104,-6.158733e-20
0.506348,-6.200684e-20
0.506592,-6.201115e-20
0.506836,-6.160047e-20
0.507080,-6.077591e-20
0.507324,-5.954487e-20
0.507568,-5.791235e-20
0.507812,-5.589264e-20
0.508057,-5.349442e-20
0.508301,-5.073722e-20
0.508545,-4.763616e-20
0.508789,-4.421527e-20
0.509033,-4.049418e-20
0.509277,-3.650044e-20
0.509521,-3.225771e-20
0.509766,-2.779835e-20
0.510010,-2.314722e-20
0.510254,-1.833613e-20
0.510498,-1.340280e-20
0.510742,-8.373080e-21
0.510986,-3.287325e-21
0.511230,1.823943e-21
0.511475,6.928127e-21
0.511719,1.198507e-20
0.511963,1.696617e-20
0.512207,2.183215e-20
0.512451,2.655024e-20
0.512695,3.109776e-20
0.512939,3.543429e-20
0.513184,3.953065e-20
0.513428,4.336412e-20
0.513672,4.690471e-20
0.513916,5.012894e-20
0.514160,5.301563e-20
0.514404,5.554237e-20
0.514648,5.769412e-20
0.514893,5.945438e-20
0.515137,6.081214e-20
0.515381,6.175738e-20
0.515625,6.228265e-20
0.515869,6.238439e-20
0.516113,6.206157e-20
0.516357,6.131569e-20
0.516602,6.015204e-20
0.516846,5.857765e-20
0.517090,5.660393e-20
0.517334,5.424204e-20
0.517578,5.150823e-20
0.517822,4.842248e-20
0.518066,4.500262e-20
0.518311,4.127626e-20
0.518555,3.726311e-20
0.518799,3.299547e-20
0.519043,2.849847e-20
0.519287,2.380688e-20
0.519531,1.894656e-20
0.519775,1.395315e-20
0.520020,8.863560e-21
0.520264,3.709833e-21
0.520508,-1.471791e-21
0.520752,-6.646720e-21
0.520996,-1.177563e-20
0.521240,-1.682892e-20
0.521484,-2.176712e-20
0.521729,-2.655983e-20
0.521973,-3.117377e-20
0.522217,-3.557364e-20
0.522461,-3.972849e-20
0.522705,-4.361477e-20
0.522949,-4.720294e-20
0.523193,-5.046557e-20
0.523438,-5.338345e-20
0.523682,-5.593386e-20
0.523926,-5.809942e-20
0.524170,-5.986489e-20
0.524414,-6.121791e-20
0.524658,-6.214868e-20
0.524902,-6.264977e-20
0.525146,-6.271778e-20
0.525391,-6.235188e-20
0.525635,-6.155381e-20
0.525879,-6.032909e-20
0.526123,-5.868503e-20
0.526367,-5.663430e-20
0.526611,-5.418902e-20
0.526855,-5.136706e-20
0.527100,-4.818603e-20
0.527344,-4.467006e-20
0.527588,-4.084145e-20
0.527832,-3.672715e-20
0.528076,-3.235471e-20
0.528320,-2.775334e-20
0.528564,-2.295824e-20
0.528809,-1.800192e-20
0.529053,-1.291693e-20
0.529297,-7.736649e-21
0.529541,-2.502775e-21
0.529785,2.754897e-21
0.530029,7.992034e-21
0.530273,1.317592e-20
0.530518,1.827490e-20
0.530762,2.324313e-20
0.531006,2.805659e-20
0.531250,3.267266e-20
0.531494,3.706555e-20
0.531738,4.119724e-20
0.531982,4.504672e-20
0.532227,4.858089e-20
0.532471,5.177504e-20
0.532715,5.460883e-20
0.532959,5.706082e-20
0.533203,5.911348e-20
0.533447,6.075309e-20
0.533691,6.196543e-20
0.533936,6.274295e-20
0.534180,6.307984e-20
0.534424,6.297298e-20
0.534668,6.242287e-20
0.534912,6.143310e-20
0.535156,6.000994e-20
0.535400,5.816206e-20
0.535645,5.590373e-20
0.535889,5.325097e-20
0.536133,5.022080e-20
0.536377,4.683215e-20
0.536621,4.311287e-20
0.536865,3.908492e-20
0.537109,3.478011e-20
0.537354,3.022892e-20
0.537598,2.545562e-20
0.537842,2.050591e-20
0.538086,1.540590e-20
0.538330,1.019236e-20
0.538574,4.904964e-21
0.538818,-4.207552e-22
0.539062,-5.745108e-21
0.539307,-1.103316e-20
0.539551,-1.624351e-20
0.539795,-2.134010e-20
0.540039,-2.628933e-20
0.540283,-3.105569e-20
0.540527,-3.560170e-20
0.540771,-3.989880e-20
0.541016,-4.391296e-20
0.541260,-4.761675e-20
0.541504,-5.098218e-20
0.541748,-5.398413e-20
0.541992,-5.660456e-20
0.542236,-5.882249e-20
0.542480,-6.062095e-20
0.542725,-6.198758e-20
0.542969,-6.291140e-20
0.543213,-6.338557e-20
0.543457,-6.340677e-20
0.543701,-6.297387e-20
0.543945,-6.208972e-20
0.544189,-6.075998e-20
0.544434,-5.899391e-20
0.544678,-5.680468e-20
0.544922,-5.420605e-20
0.545166,-5.121820e-20
0.545410,-4.785944e-20
0.545654,-4.415373e-20
0.545898,-4.013009e-20
0.546143,-3.581590e-20
0.546387,-3.124109e-20
0.546631,-2.644003e-20
0.546875,-2.144445e-20
0.547119,-1.629376e-20
0.547363,-1.102030e-20
0.547607,-5.662806e-21
0.547852,-2.676194e-22
0.548096,5.136017e-21
0.548340,1.050617e-20
0.548584,1.580208e-20
0.548828,2.098822e-20
0.549072,2.602328e-20
0.549316,3.087514e-20
0.549561,3.550496e-20
0.549805,3.987762e-20
0.550049,4.396661e-20
0.550293,4.774011e-20
0.550537,5.116779e-20
0.550781,5.422537e-20
0.551025,5.689145e-20
0.551270,5.914573e-20
0.551514,6.097207e-20
0.551758,6.235576e-20
0.552002,6.328682e-20
0.552246,6.375782e-20
0.552490,6.376490e-20
0.552734,6.330747e-20
0.552979,6.238892e-20
0.553223,6.101485e-20
0.553467,5.919405e-20
0.553711,5.694097e-20
0.553955,5.427213e-20
0.554199,5.120356e-20
0.554443,4.776046e-20
0.554688,4.396519e-20
0.554932,3.984717e-20
0.555176,3.543397e-20
0.555420,3.075994e-20
0.555664,2.585653e-20
0.555908,2.076205e-20
0.556152,1.551472e-20
0.556396,1.014723e-20
0.556641,4.702567e-21
0.556885,-7.763998e-22
0.557129,-6.257250e-21
0.557373,-1.169096e-20
0.557617,-1.704712e-20
0.557861,-2.227489e-20
0.558105,-2.734413e-20
0.558350,-3.221625e-20
0.558594,-3.685253e-20
0.558838,-4.121876e-20
0.559082,-4.528472e-20
0.559326,-4.901795e-20
0.559570,-5.239247e-20
0.559814,-5.538119e-20
0.560059,-5.796318e-20
0.560303,-6.011784e-20
0.560547,-6.182838e-20
0.560791,-6.308313e-20
0.561035,-6.387120e-20
0.561279,-6.418690e-20
0.561523,-6.402713e-20
0.561768,-6.339250e-20
0.562012,-6.228733e-20
0.562256,-6.072005e-20
0.562500,-5.870036e-20
0.562744,-5.624218e-20
0.562988,-5.336768e-20
0.563232,-5.009113e-20
0.563477,-4.644400e-20
0.563721,-4.244757e-20
0.563965,-3.813078e-20
0.564209,-3.352841e-20
0.564453,-2.867555e-20
0.564697,-2.360382e-20
0.564941,-1.835434e-20
0.565186,-1.296332e-20
0.565430,-7.473739e-21
0.565674,-1.926545e-21
0.565918,3.639793e-21
0.566162,9.181710e-21
0.566406,1.465868e-20
0.566650,2.002866e-20
0.566895,2.525045e-20
0.567139,3.028751e-20
0.567383,3.510168e-20
0.567627,3.965175e-20
0.567871,4.391116e-20
0.568115,4.784007e-20
0.568359,5.141300e-20
0.568604,5.460029e-20
0.568848,5.738079e-20
0.569092,5.973009e-20
0.569336,6.163209e-20
0.569580,6.307051e-20
0.569824,6.403436e-20
0.570068,6.451635e-20
0.570312,6.451185e-20
0.570557,6.402081e-20
0.570801,6.304603e-20
0.571045,6.159399e-20
0.571289,5.967707e-20
0.571533,5.730572e-20
0.571777,5.450197e-20
0.572021,5.128294e-20
0.572266,4.767199e-20
0.572510,4.370216e-20
0.572754,3.939407e-20
0.572998,3.478730e-20
0.573242,2.991436e-20
0.573486,2.480742e-20
0.573730,1.951587e-20
0.573975,1.406971e-20
0.574219,8.510898e-21
0.574463,2.886462e-21
0.574707,-2.762798e-21
0.574951,-8.395866e-21
0.575195,-1.396687e-20
0.575439,-1.943431e-20
0.575684,-2.475824e-20
0.575928,-2.989774e-20
0.576172,-3.480818e-20
0.576416,-3.945792e-20
0.576660,-4.381074e-20
0.576904,-4.782728e-20
0.577148,-5.148164e-20
0.577393,-5.474573e-20
0.577637,-5.759220e-20
0.577881,-5.999812e-20
0.578125,-6.194694e-20
0.578369,-6.342106e-20
0.578613,-6.440954e-20
0.578857,-6.490442e-20
0.579102,-6.490113e-20
0.579346,-6.439939e-20
0.579590,-6.340218e-20
0.579834,-6.191713e-20
0.580078,-5.995397e-20
0.580322,-5.752852e-20
0.580566,-5.465877e-20
0.580811,-5.136459e-20
0.581055,-4.767381e-20
0.581299,-4.361419e-20
0.581543,-3.921294e-20
0.581787,-3.450816e-20
0.582031,-2.953445e-20
0.582275,-2.432817e-20
0.582520,-1.893104e-20
0.582764,-1.338177e-20
0.583008,-7.727932e-21
0.583252,-2.010339e-21
0.583496,3.726777e-21
0.583740,9.437949e-21
0.583984,1.507789e-20
0.584229,2.060376e-20
0.584473,2.597442e-20
0.584717,3.114869e-20
0.584961,3.608000e-20
0.585205,4.073503e-20
0.585449,4.507772e-20
0.585693,4.907149e-20
0.585938,5.268435e-20
0.586182,5.588852e-20
0.586426,5.865953e-20
0.586670,6.097386e-20
0.586914,6.281358e-20
0.587158,6.416446e-20
0.587402,6.501426e-20
0.587646,6.535646e-20
0.587891,6.518771e-20
0.588135,6.450858e-20
0.588379,6.332345e-20
0.588623,6.164268e-20
0.588867,5.947708e-20
0.589111,5.684197e-20
0.589355,5.376245e-20
0.589600,5.025717e-20
0.589844,4.635389e-20
0.590088,4.208409e-20
0.590332,3.748186e-20
0.590576,3.258241e-20
0.590820,2.742130e-20
0.591064,2.204332e-20
0.591309,1.648795e-20
0.591553,1.080069e-20
0.591797,5.022340e-21
0.592041,-8.016753e-22
0.592285,-6.617423e-21
0.592529,-1.238792e-20
0.592773,-1.806156e-20
0.593018,-2.360010e-20
0.593262,-2.895283e-20
0.593506,-3.407914e-20
0.593750,-3.893823e-20
0.593994,-4.349288e-20
0.594238,-4.770498e-20
0.594482,-5.154022e-20
0.594727,-5.497076e-20
0.594971,-5.796530e-20
0.595215,-6.050131e-20
0.595459,-6.255830e-20
0.595703,-6.411786e-20
0.595947,-6.516902e-20
0.596191,-6.570127e-20
0.596436,-6.571046e-20
0.596680,-6.519578e-20
0.596924,-6.416096e-20
0.597168,-6.261283e-20
0.597412,-6.056375e-20
0.597656,-5.803011e-20
0.597900,-5.503145e-20
0.598145,-5.159005e-20
0.598389,-4.773335e-20
0.598633,-4.349315e-20
0.598877,-3.890003e-20
0.599121,-3.399344e-20
0.599365,-2.881170e-20
0.599609,-2.339330e-20
0.599854,-1.778705e-20
0.600098,-1.203210e-20
0.600342,-6.175390e-21
0.600586,-2.689133e-22
0.600830,5.645872e-21
0.601074,1.151834e-20
0.601318,1.730311e-20
0.601562,2.294863e-20
0.601807,2.841409e-20
0.602051,3.365678e-20
0.602295,3.862792e-20
0.602539,4.329141e-20
0.602783,4.760754e-20
0.603027,5.154176e-20
0.603271,5.506170e-20
0.603516,5.813688e-20
0.603760,6.074405e-20
0.604004,6.286151e-20
0.604248,6.446957e-20
0.604492,6.555632e-20
0.604736,6.611156e-20
0.604980,6.613018e-20
0.605225,6.561171e-20
0.605469,6.455937e-20
0.605713,6.298142e-20
0.605957,6.088861e-20
0.606201,5.830039e-20
0.606445,5.523447e-20
0.606689,5.171661e-20
0.606934,4.777583e-20
0.607178,4.344025e-20
0.607422,3.874831e-20
0.607666,3.373645e-20
0.607910,2.844704e-20
0.608154,2.291939e-20
0.608398,1.720117e-20
0.608643,1.133903e-20
0.608887,5.380863e-21
0.609131,-6.246059e-22
0.609375,-6.632224e-21
0.609619,-1.258664e-20
0.609863,-1.844193e-20
0.610107,-2.415175e-20
0.610352,-2.966240e-20
0.610596,-3.493577e-20
0.610840,-3.992449e-20
0.611084,-4.458798e-20
0.611328,-4.888737e-20
0.611572,-5.278670e-20
0.611816,-5.625270e-20
0.612061,-5.925641e-20
0.612305,-6.177223e-20
0.612549,-6.378067e-20
0.612793,-6.526282e-20
0.613037,-6.620600e-20
0.613281,-6.660192e-20
0.613525,-6.644680e-20
0.613770,-6.574094e-20
0.614014,-6.448968e-20
0.614258,-6.270290e-20
0.614502,-6.039496e-20
0.614746,-5.758250e-20
0.614990,-5.428983e-20
0.615234,-5.054659e-20
0.615479,-4.637627e-20
0.615723,-4.181978e-20
0.615967,-3.691270e-20
0.616211,-3.169377e-20
0.616455,-2.620597e-20
0.616699,-2.049749e-20
0.616943,-1.461487e-20
0.617188,-8.604031e-21
0.617432,-2.520034e-21
0.617676,3.591399e-21
0.617920,9.676132e-21
0.618164,1.568322e-20
0.618408,2.156521e-20
0.618652,2.726779e-20
0.618896,3.274678e-20
0.619141,3.795493e-20
0.619385,4.284736e-20
0.619629,4.738271e-20
0.619873,5.152453e-20
0.620117,5.523414e-20
0.620361,5.848288e-20
0.620605,6.124106e-20
0.620850,6.348502e-20
0.621094,6.519539e-20
0.621338,6.635799e-20
0.621582,6.696087e-20
0.621826,6.699880e-20
0.622070,6.647084e-20
0.622314,6.538098e-20
0.622559,6.373660e-20
0.622803,6.155252e-20
0.623047,5.884528e-20
0.623291,5.563917e-20
0.623535,5.195810e-20
0.623779,4.783365e-20
0.624023,4.330179e-20
0.624268,3.839574e-20
0.624512,3.316407e-20
0.624756,2.764404e-20
0.625000,2.188575e-20
0.625244,1.594097e-20
0.625488,9.853240e-21
0.625732,3.675105e-21
0.625977,-2.535761e-21
0.626221,-8.727437e-21
0.626465,-1.485313e-20
0.626709,-2.085532e-20
0.626953,-2.668257e-20
0.627197,-3.228491e-20
0.627441,-3.761508e-20
0.627686,-4.262625e-20
0.627930,-4.727599e-20
0.628174,-5.152526e-20
0.628418,-5.533311e-20
0.628662,-5.867071e-20
0.628906,-6.150677e-20
0.629150,-6.381554e-20
0.629395,-6.557772e-20
0.629639,-6.677680e-20
0.629883,-6.740198e-20
0.630127,-6.744717e-20
0.630371,-6.691134e-20
0.630615,-6.579799e-20
0.630859,-6.411606e-20
0.631104,-6.187925e-20
0.631348,-5.910667e-20
0.631592,-5.582119e-20
0.631836,-5.205117e-20
0.632080,-4.782807e-20
0.632324,-4.318863e-20
0.632568,-3.816921e-20
0.632812,-3.281867e-20
0.633057,-2.717688e-20
0.633301,-2.129501e-20
0.633545,-1.522888e-20
0.633789,-9.022032e-21
0.634033,-2.732202e-21
0.634277,3.584954e-21
0.634521,9.874477e-21
0.634766,1.608459e-20
0.635010,2.215703e-20
0.635254,2.804068e-20
0.635498,3.368573e-20
0.635742,3.903719e-20
0.635986,4.405407e-20
0.636230,4.868932e-20
0.636475,5.289926e-20
0.636719,5.665133e-20
0.636963,5.990988e-20
0.637207,6.264566e-20
0.637451,6.483362e-20
0.637695,6.645432e-20
0.637939,6.749261e-20
0.638184,6.793891e-20
0.638428,6.778839e-20
0.638672,6.704110e-20
0.638916,6.570354e-20
0.639160,6.378679e-20
0.639404,6.130584e-20
0.639648,5.828344e-20
0.639893,5.474289e-20
0.640137,5.071890e-20
0.640381,4.624188e-20
0.640625,4.135596e-20
0.640869,3.609745e-20
0.641113,3.051637e-20
0.641357,2.466090e-20
0.641602,1.858555e-20
0.641846,1.233800e-20
0.642090,5.976347e-21
0.642334,-4.420168e-22
0.642578,-6.861180e-21
0.642822,-1.322408e-20
0.643066,-1.947106e-20
0.643311,-2.555240e-20
0.643555,-3.141065e-20
0.643799,-3.699241e-20
0.644043,-4.224933e-20
0.644287,-4.713236e-20
0.644531,-5.159828e-20
0.644775,-5.560722e-20
0.645020,-5.912142e-20
0.645264,-6.210945e-20
0.645508,-6.454351e-20
0.645752,-6.640204e-20
0.645996,-6.766643e-20
0.646240,-6.832525e-20
0.646484,-6.837151e-20
0.646729,-6.780395e-20
0.646973,-6.662704e-20
0.647217,-6.485015e-20
0.647461,-6.248856e-20
0.647705,-5.956274e-20
0.647949,-5.609885e-20
0.648193,-5.212626e-20
0.648438,-4.768060e-20
0.648682,-4.280215e-20
0.648926,-3.753280e-20
0.649170,-3.192039e-20
0.649414,-2.601711e-20
0.649658,-1.987219e-20
0.649902,-1.354279e-20
0.650146,-7.085976e-21
0.650391,-5.632684e-22
0.650635,5.973580e-21
0.650879,1.245694e-20
0.651123,1.883613e-20
0.651367,2.504883e-20
0.651611,3.103548e-20
0.651855,3.674437e-20
0.652100,4.212561e-20
0.652344,4.712462e-20
0.652588,5.169868e-20
0.652832,5.580464e-20
0.653076,5.940596e-20
0.653320,6.246564e-20
0.653564,6.495679e-20
0.653809,6.685612e-20
0.654053,6.814452e-20
0.654297,6.881052e-20
0.654541,6.884644e-20
0.654785,6.825105e-20
0.655029,6.702920e-20
0.655273,6.519051e-20
0.655518,6.275261e-20
0.655762,5.973422e-20
0.656006,5.616555e-20
0.656250,5.207736e-20
0.656494,4.750655e-20
0.656738,4.249376e-20
0.656982,3.708529e-20
0.657227,3.132957e-20
0.657471,2.528012e-20
0.657715,1.899548e-20
0.657959,1.252644e-20
0.658203,5.939707e-21
0.658447,-7.069632e-22
0.658691,-7.356296e-21
0.658936,-1.393929e-20
0.659180,-2.039796e-20
0.659424,-2.667413e-20
0.659668,-3.270344e-20
0.659912,-3.843709e-20
0.660156,-4.381497e-20
0.660400,-4.879235e-20
0.660645,-5.331743e-20
0.660889,-5.734844e-20
0.661133,-6.084838e-20
0.661377,-6.378357e-20
0.661621,-6.612524e-20
0.661865,-6.785026e-20
0.662109,-6.894290e-20
0.662354,-6.939075e-20
0.662598,-6.918950e-20
0.662842,-6.833926e-20
0.663086,-6.684850e-20
0.663330,-6.472870e-20
0.663574,-6.199946e-20
0.663818,-5.868616e-20
0.664062,-5.481873e-20
0.664307,-5.043057e-20
0.664551,-4.556564e-20
0.664795,-4.026951e-20
0.665039,-3.458725e-20
0.665283,-2.857626e-20
0.665527,-2.228806e-20
0.665771,-1.578653e-20
0.666016,-9.129801e-21
0.666260,-2.383762e-21
0.666504,4.394220e-21
0.666748,1.113259e-20
0.666992,1.777373e-20
0.667236,2.424932e-20
0.667480,3.049883e-20
0.667725,3.646638e-20
0.667969,4.209184e-20
0.668213,4.732046e-20
0.668457,5.210354e-20
0.668701,5.639407e-20
0.668945,6.014885e-20
0.669189,6.333571e-20
0.669434,6.591964e-20
0.669678,6.787615e-20
0.669922,6.918586e-20
0.670166,6.983491e-20
0.670410,6.981641e-20
0.670654,6.912951e-20
0.670898,6.777948e-20
0.671143,6.577917e-20
0.671387,6.314515e-20
0.671631,5.990319e-20
0.671875,5.608323e-20
0.672119,5.172045e-20
0.672363,4.685744e-20
0.672607,4.153793e-20
0.672852,3.581493e-20
0.673096,2.974322e-20
0.673340,2.337696e-20
0.673584,1.678208e-20
0.673828,1.001896e-20
0.674072,3.152673e-21
0.674316,-3.747293e-21
0.674561,-1.062058e-20
0.674805,-1.739208e-20
0.675049,-2.400235e-20
0.675293,-3.038781e-20
0.675537,-3.648026e-20
0.675781,-4.222399e-20
0.676025,-4.756092e-20
0.676270,-5.244023e-20
0.676514,-5.681354e-20
0.676758,-6.063730e-20
0.677002,-6.387319e-20
0.677246,-6.648747e-20
0.677490,-6.845535e-20
0.677734,-6.975551e-20
0.677979,-7.037503e-20
0.678223,-7.030660e-20
0.678467,-6.954961e-20
0.678711,-6.811076e-20
0.678955,-6.600274e-20
0.679199,-6.324500e-20
0.679443,-5.986514e-20
0.679688,-5.589341e-20
0.679932,-5.136898e-20
0.680176,-4.633560e-20
0.680420,-4.084211e-20
0.680664,-3.494012e-20
0.680908,-2.869086e-20
0.681152,-2.214859e-20
0.681396,-1.538754e-20
0.681641,-8.464948e-21
0.681885,-1.455332e-21
0.682129,5.574189e-21
0.682373,1.255724e-20
0.682617,1.942024e-20
0.682861,2.609403e-20
0.683105,3.251619e-20
0.683350,3.862144e-20
0.683594,4.434933e-20
0.683838,4.963887e-20
0.684082,5.443930e-20
0.684326,5.870131e-20
0.684570,6.238216e-20
0.684814,6.544404e-20
0.685059,6.785427e-20
0.685303,6.958955e-20
0.685547,7.063013e-20
0.685791,7.096522e-20
0.686035,7.059007e-20
0.686279,6.950746e-20
0.686523,6.772690e-20
0.686768,6.526584e-20
0.687012,6.214673e-20
0.687256,5.840004e-20
0.687500,5.406371e-20
0.687744,4.917923e-20
0.687988,4.379649e-20
0.688232,3.796554e-20
0.688477,3.174695e-20
0.688721,2.520396e-20
0.688965,1.840127e-20
0.689209,1.140616e-20
0.689453,4.287957e-21
0.689697,-2.877162e-21
0.689941,-1.002102e-20
0.690186,-1.707109e-20
0.690430,-2.395251e-20
0.690674,-3.059525e-20
0.690918,-3.693351e-20
0.691162,-4.290400e-20
0.691406,-4.844089e-20
0.691650,-5.348835e-20
0.691895,-5.799705e-20
0.692139,-6.191785e-20
0.692383,-6.521036e-20
0.692627,-6.783942e-20
0.692871,-6.977725e-20
0.693115,-7.100328e-20
0.693359,-7.150329e-20
0.693604,-7.127116e-20
0.693848,-7.030821e-20
0.694092,-6.862361e-20
0.694336,-6.623185e-20
0.694580,-6.315893e-20
0.694824,-5.943267e-20
0.695068,-5.509173e-20
0.695312,-5.017921e-20
0.695557,-4.474467e-20
0.695801,-3.884415e-20
0.696045,-3.253984e-20
0.696289,-2.589148e-20
0.696533,-1.896797e-20
0.696777,-1.184362e-20
0.697021,-4.591968e-21
0.697266,2.716396e-21
0.697510,1.000142e-20
0.697754,1.718964e-20
0.697998,2.420623e-20
0.698242,3.097592e-20
0.698486,3.742998e-20
0.698730,4.350240e-20
0.698975,4.912398e-20
0.699219,5.424119e-20
0.699463,5.879517e-20
0.699707,6.273972e-20
0.699951,6.603337e-20
0.700195,6.863850e-20
0.700439,7.052743e-20
0.700684,7.167945e-20
0.700928,7.208115e-20
0.701172,7.172712e-20
0.701416,7.061967e-20
0.701660,6.876906e-20
0.701904,6.619334e-20
0.702148,6.291940e-20
0.702393,5.897972e-20
0.702637,5.441387e-20
0.702881,4.927022e-20
0.703125,4.360314e-20
0.703369,3.746909e-20
0.703613,3.093289e-20
0.703857,2.406297e-20
0.704102,1.693472e-20
0.704346,9.619060e-21
0.704590,2.192076e-21
0.704834,-5.263196e-21
0.705078,-1.266979e-20
0.705322,-1.994674e-20
0.705566,-2.702063e-20
0.705811,-3.381160e-20
0.706055,-4.025072e-20
0.706299,-4.626318e-20
0.706543,-5.178947e-20
0.706787,-5.676850e-20
0.707031,-6.114337e-20
0.707275,-6.486894e-20
0.707520,-6.790306e-20
0.707764,-7.021305e-20
0.708008,-7.177164e-20
0.708252,-7.256097e-20
0.708496,-7.257170e-20
0.708740,-7.180224e-20
0.708984,-7.025945e-20
0.709229,-6.795848e-20
0.709473,-6.492375e-20
0.709717,-6.118420e-20
0.709961,-5.678153e-20
0.710205,-5.176106e-20
0.710449,-4.617680e-20
0.710693,-4.008555e-20
0.710938,-3.355792e-20
0.711182,-2.665827e-20
0.711426,-1.946371e-20
0.711670,-1.204859e-20
0.711914,-4.498552e-21
0.712158,3.110047e-21
0.712402,1.069117e-20
0.712646,1.816222e-20
0.712891,2.544474e-20
0.713135,3.245371e-20
0.713379,3.911722e-20
0.713623,4.535882e-20
0.713867,5.111045e-20
0.714111,5.630716e-20
0.714355,6.089385e-20
0.714600,6.481554e-20
0.714844,6.803071e-20
0.715088,7.050180e-20
0.715332,7.220007e-20
0.715576,7.310581e-20
0.715820,7.320760e-20
0.716064,7.250265e-20
0.716309,7.099786e-20
0.716553,6.870742e-20
0.716797,6.565576e-20
0.717041,6.187505e-20
0.717285,5.740616e-20
0.717529,5.229742e-20
0.717773,4.660440e-20
0.718018,4.038882e-20
0.718262,3.371669e-20
0.718506,2.666623e-20
0.718750,1.931176e-20
0.718994,1.173338e-20
0.719238,4.016710e-21
0.719482,-3.749649e-21
0.719727,-1.148415e-20
0.719971,-1.909755e-20
0.720215,-2.650507e-20
0.720459,-3.362395e-20
0.720703,-4.037245e-20
0.720947,-4.667572e-20
0.721191,-5.246135e-20
0.721436,-5.766388e-20
0.721680,-6.222378e-20
0.721924,-6.608858e-20
0.722168,-6.921367e-20
0.722412,-7.156203e-20
0.722656,-7.310591e-20
0.722900,-7.382659e-20
0.723145,-7.371427e-20
0.723389,-7.276856e-20
0.723633,-7.099875e-20
0.723877,-6.842329e-20
0.724121,-6.506961e-20
0.724365,-6.097476e-20
0.724609,-5.618327e-20
0.724854,-5.074813e-20
0.725098,-4.473030e-20
0.725342,-3.819913e-20
0.725586,-3.122381e-20
0.725830,-2.388802e-20
0.726074,-1.626902e-20
0.726318,-8.458666e-21
0.726562,-5.437360e-22
0.726807,7.387678e-21
0.727051,1.524138e-20
0.727295,2.292835e-20
0.727539,3.036059e-20
0.727783,3.744977e-20
0.728027,4.411824e-20
0.728271,5.028468e-20
0.728516,5.588012e-20
0.728760,6.083652e-20
0.729004,6.509637e-20
0.729248,6.860942e-20
0.729492,7.133350e-20
0.729736,7.323508e-20
0.729980,7.429146e-20
0.730225,7.448807e-20
0.730469,7.382125e-20
0.730713,7.229695e-20
0.730957,6.993188e-20
0.731201,6.675044e-20
0.731445,6.278976e-20
0.731689,5.809318e-20
0.731934,5.271379e-20
0.732178,4.671548e-20
0.732422,4.016327e-20
0.732666,3.313581e-20
0.732910,2.571241e-20
0.733154,1.798194e-20
0.733398,1.003000e-20
0.733643,1.953919e-21
0.733887,-6.154544e-21
0.734131,-1.419789e-20
0.734375,-2.208583e-20
0.734619,-2.972016e-20
0.734863,-3.701065e-20
0.735107,-4.387555e-20
0.735352,-5.022848e-20
0.735596,-5.599440e-20
0.735840,-6.110369e-20
0.736084,-6.549560e-20
0.736328,-6.911622e-20
0.736572,-7.192085e-20
0.736816,-7.387504e-20
0.737061,-7.495290e-20
0.737305,-7.514065e-20
0.737549,-7.443401e-20
0.737793,-7.284001e-20
0.738037,-7.037472e-20
0.738281,-6.706698e-20
0.738525,-6.295477e-20
0.738770,-5.808516e-20
0.739014,-5.251362e-20
0.739258,-4.630827e-20
0.739502,-3.953972e-20
0.739746,-3.228838e-20
0.739990,-2.464197e-20
0.740234,-1.669177e-20
0.740479,-8.531231e-21
0.740723,-2.576477e-22
0.740967,8.026545e-21
0.741211,1.622420e-20
0.741455,2.423382e-20
0.741699,3.195977e-20
0.741943,3.930638e-20
0.742188,4.618583e-20
0.742432,5.251180e-20
0.742676,5.820805e-20
0.742920,6.320248e-20
0.743164,6.743422e-20
0.743408,7.084899e-20
0.743652,7.340423e-20
0.743896,7.506673e-20
0.744141,7.581426e-20
0.744385,7.563605e-20
0.744629,7.453189e-20
0.744873,7.251368e-20
0.745117,6.960441e-20
0.745361,6.583837e-20
0.745605,6.125899e-20
0.745850,5.592014e-20
0.746094,4.988773e-20
0.746338,4.323441e-20
0.746582,3.604104e-20
0.746826,2.839372e-20
0.747070,2.038528e-20
0.747314,1.211846e-20
0.747559,3.690579e-21
0.747803,-4.791418e-21
0.748047,-1.322532e-20
0.748291,-2.150399e-20
0.748535,-2.952481e-20
0.748779,-3.718844e-20
0.749023,-4.439571e-20
0.749268,-5.105884e-20
0.749512,-5.709411e-20
0.749756,-6.242088e-20
0.750000,-6.697482e-20
0.750244,-7.069578e-20
0.750488,-7.353523e-20
0.750732,-7.545631e-20
0.750977,-7.643226e-20
0.751221,-7.644903e-20
0.751465,-7.550438e-20
0.751709,-7.360836e-20
0.751953,-7.078192e-20
0.752197,-6.705916e-20
0.752441,-6.248559e-20
0.752686,-5.711700e-20
0.752930,-5.101963e-20
0.753174,-4.426968e-20
0.753418,-3.694833e-20
0.753662,-2.915172e-20
0.753906,-2.097424e-20
0.754150,-1.252006e-20
0.754395,-3.896189e-21
0.754639,4.786679e-21
0.754883,1.341849e-20
0.755127,2.188951e-20
0.755371,3.009054e-20
0.755615,3.791813e-20
0.755859,4.526756e-20
0.756104,5.204566e-20
0.756348,5.816488e-20
0.756592,6.354314e-20
0.756836,6.811058e-20
0.757080,7.180778e-20
0.757324,7.458315e-20
0.757568,7.640002e-20
0.757812,7.723228e-20
0.758057,7.706723e-20
0.758301,7.590468e-20
0.758545,7.375703e-20
0.758789,7.065045e-20
0.759033,6.662312e-20
0.759277,6.172510e-20
0.759521,5.601892e-20
0.759766,4.957502e-20
0.760010,4.247681e-20
0.760254,3.481702e-20
0.760498,2.669025e-20
0.760742,1.820712e-20
0.760986,9.474016e-21
0.761230,6.065306e-22
0.761475,-8.279304e-21
0.761719,-1.706917e-20
0.761963,-2.564437e-20
0.762207,-3.389271e-20
0.762451,-4.170529e-20
0.762695,-4.897611e-20
0.762939,-5.561160e-20
0.763184,-6.151937e-20
0.763428,-6.661954e-20
0.763672,-7.084496e-20
0.763916,-7.413575e-20
0.764160,-7.644679e-20
0.764404,-7.774499e-20
0.764648,-7.801041e-20
0.764893,-7.723732e-20
0.765137,-7.543337e-20
0.765381,-7.262073e-20
0.765625,-6.883391e-20
0.765869,-6.412228e-20
0.766113,-5.854477e-20
0.766357,-5.217711e-20
0.766602,-4.509954e-20
0.766846,-3.740712e-20
0.767090,-2.920356e-20
0.767334,-2.059548e-20
0.767578,-1.169724e-20
0.767822,-2.631716e-21
0.768066,6.480769e-21
0.768311,1.551830e-20
0.768555,2.435830e-20
0.768799,3.287819e-20
0.769043,4.096438e-20
0.769287,4.850381e-20
0.769531,5.539241e-20
0.769775,6.153744e-20
0.770020,6.685215e-20
0.770264,7.126000e-20
0.770508,7.470112e-20
0.770752,7.712576e-20
0.770996,7.849725e-20
0.771240,7.879475e-20
0.771484,7.801149e-20
0.771729,7.615564e-20
0.771973,7.325024e-20
0.772217,6.933198e-20
0.772461,6.445440e-20
0.772705,5.867882e-20
0.772949,5.208682e-20
0.773193,4.476426e-20
0.773438,3.681300e-20
0.773682,2.834077e-20
0.773926,1.946503e-20
0.774170,1.030456e-20
0.774414,9.895942e-22
0.774658,-8.351710e-21
0.774902,-1.758858e-20
0.775146,-2.659245e-20
0.775391,-3.523636e-20
0.775635,-4.340062e-20
0.775879,-5.096655e-20
0.776123,-5.782900e-20
0.776367,-6.388885e-20
0.776611,-6.905921e-20
0.776855,-7.326418e-20
0.777100,-7.644298e-20
0.777344,-7.854800e-20
0.777588,-7.954654e-20
0.777832,-7.942188e-20
0.778076,-7.817295e-20
0.778320,-7.581442e-20
0.778564,-7.237677e-20
0.778809,-6.790656e-20
0.779053,-6.246495e-20
0.779297,-5.612583e-20
0.779541,-4.897845e-20
0.779785,-4.112081e-20
0.780029,-3.266584e-20
0.780273,-2.373203e-20
0.780518,-1.444491e-20
0.780762,-4.937287e-21
0.781006,4.654276e-21
0.781250,1.419150e-20
0.781494,2.353820e-20
0.781738,3.255917e-20
0.781982,4.112335e-20
0.782227,4.910529e-20
0.782471,5.638809e-20
0.782715,6.286531e-20
0.782959,6.843939e-20
0.783203,7.302854e-20
0.783447,7.656320e-20
0.783691,7.898887e-20
0.783936,8.026684e-20
0.784180,8.037583e-20
0.784424,7.931123e-20
0.784668,7.708530e-20
0.784912,7.372776e-20
0.785156,6.928432e-20
0.785400,6.381821e-20
0.785645,5.740558e-20
0.785889,5.013986e-20
0.786133,4.212393e-20
0.786377,3.347602e-20
0.786621,2.432115e-20
0.786865,1.479331e-20
0.787109,5.030698e-21
0.787354,-4.818317e-21
0.787598,-1.461146e-20
0.787842,-2.420237e-20
0.788086,-3.344548e-20
0.788330,-4.220502e-20
0.788574,-5.034781e-20
0.788818,-5.775144e-20
0.789062,-6.430169e-20
0.789307,-6.989866e-20
0.789551,-7.445580e-20
0.789795,-7.790172e-20
0.790039,-8.018219e-20
0.790283,-8.125893e-20
0.790527,-8.111279e-20
0.790771,-7.974236e-20
0.791016,-7.716480e-20
0.791260,-7.341618e-20
0.791504,-6.854960e-20
0.791748,-6.263606e-20
0.791992,-5.576205e-20
0.792236,-4.802984e-20
0.792480,-3.955429e-20
0.792725,-3.046306e-20
0.792969,-2.089204e-20
0.793213,-1.098738e-20
0.793457,-9.010189e-22
0.793701,9.217296e-21
0.793945,1.920801e-20
0.794189,2.891909e-20
0.794434,3.820028e-20
0.794678,4.690782e-20
0.794922,5.490508e-20
0.795166,6.206560e-20
0.795410,6.827752e-20
0.795654,7.344138e-20
0.795898,7.747383e-20
0.796143,8.030926e-20
0.796387,8.190021e-20
0.796631,8.221792e-20
0.796875,8.125380e-20
0.797119,7.901959e-20
0.797363,7.554591e-20
0.797607,7.088408e-20
0.797852,6.510317e-20
0.798096,5.829140e-20
0.798340,5.055151e-20
0.798584,4.200401e-20
0.798828,3.277968e-20
0.799072,2.302382e-20
0.799316,1.288919e-20
0.799561,2.532615e-21
0.799805,-7.880513e-21
0.800049,-1.818442e-20
0.800293,-2.821563e-20
0.800537,-3.781482e-20
0.800781,-4.682644e-20
0.801025,-5.510542e-20
0.801270,-6.251628e-20
0.801514,-6.893875e-20
0.801758,-7.426736e-20
0.802002,-7.841173e-20
0.802246,-8.130286e-20
0.802490,-8.288959e-20
0.802734,-8.314287e-20
0.802979,-8.205444e-20
0.803223,-7.963743e-20
0.803467,-7.592774e-20
0.803711,-7.098080e-20
0.803955,-6.487208e-20
0.804199,-5.769951e-20
0.804443,-4.957607e-20
0.804688,-4.062973e-20
0.804932,-3.100556e-20
0.805176,-2.085830e-20
0.805420,-1.035187e-20
0.805664,3.412967e-22
0.805908,1.104744e-20
0.806152,2.159047e-20
0.806396,3.179500e-20
0.806641,4.149172e-20
0.806885,5.052103e-20
0.807129,5.872882e-20
0.807373,6.597921e-20
0.807617,7.214557e-20
0.807861,7.712442e-20
0.808105,8.082895e-20
0.808350,8.319210e-20
0.808594,8.417129e-20
0.808838,8.374519e-20
0.809082,8.191668e-20
0.809326,7.871161e-20
0.809570,7.417931e-20
0.809814,6.839204e-20
0.810059,6.144333e-20
0.810303,5.344472e-20
0.810547,4.453127e-20
0.810791,3.484832e-20
0.811035,2.455667e-20
0.811279,1.383200e-20
0.811523,2.852677e-21
0.811768,-8.195937e-21
0.812012,-1.912380e-20
0.812256,-2.974459e-20
0.812500,-3.987456e-20
0.812744,-4.934149e-20
0.812988,-5.797852e-20
0.813232,-6.563433e-20
0.813477,-7.217643e-20
0.813721,-7.748623e-20
0.813965,-8.146867e-20
0.814209,-8.405017e-20
0.814453,-8.518141e-20
0.814697,-8.483821e-20
0.814941,-8.302101e-20
0.815186,-7.975697e-20
0.815430,-7.509772e-20
0.815674,-6.911931e-20
0.815918,-6.192233e-20
0.816162,-5.362872e-20
0.816406,-4.438020e-20
0.816650,-3.433419e-20
0.816895,-2.366562e-20
0.817139,-1.256221e-20
0.817383,-1.215182e-21
0.817627,1.017454e-20
0.817871,2.140551e-20
0.818115,3.227687e-20
0.818359,4.259738e-20
0.818604,5.217861e-20
0.818848,6.084994e-20
0.819092,6.845135e-20
0.819336,7.484317e-20
0.819580,7.990840e-20
0.819824,8.355044e-20
0.820068,8.569879e-20
0.820312,8.630998e-20
0.820557,8.536727e-20
0.820801,8.288219e-20
0.821045,7.889373e-20
0.821289,7.346946e-20
0.821533,6.670214e-20
0.821777,5.870930e-20
0.822021,4.963394e-20
0.822266,3.963504e-20
0.822510,2.889279e-20
0.822754,1.760032e-20
0.822998,5.964467e-21
0.823242,-5.803751e-21
0.823486,-1.748849e-20
0.823730,-2.887428e-20
0.823975,-3.975062e-20
0.824219,-4.991455e-20
0.824463,-5.917471e-20
0.824707,-6.735567e-20
0.824951,-7.430277e-20
0.825195,-7.988073e-20
0.825439,-8.398215e-20
0.825684,-8.652340e-20
0.825928,-8.745202e-20
0.826172,-8.674416e-20
0.826416,-8.440747e-20
0.826660,-8.047908e-20
0.826904,-7.502670e-20
0.827148,-6.814843e-20
0.827393,-5.996770e-20
0.827637,-5.063480e-20
0.827881,-4.032231e-20
0.828125,-2.922368e-20
0.828369,-1.754470e-20
0.828613,-5.507688e-21
0.828857,6.661466e-21
0.829102,1.872706e-20
0.829346,3.045813e-20
0.829590,4.163058e-20
0.829834,5.202534e-20
0.830078,6.143857e-20
0.830322,6.968576e-20
0.830566,7.660271e-20
0.830811,8.205003e-20
0.831055,8.591604e-20
0.831299,8.811916e-20
0.831543,8.861000e-20
0.831787,8.737226e-20
0.832031,8.442282e-20
0.832275,7.981300e-20
0.832520,7.362687e-20
0.832764,6.597864e-20
0.833008,5.701376e-20
0.833252,4.690508e-20
0.833496,3.584575e-20
0.833740,2.405148e-20
0.833984,1.175407e-20
0.834229,-8.039011e-22
0.834473,-1.337324e-20
0.834717,-2.570437e-20
0.834961,-3.754766e-20
0.835205,-4.866621e-20
0.835449,-5.883136e-20
0.835693,-6.783585e-20
0.835938,-7.549402e-20
0.836182,-8.164395e-20
0.836426,-8.615597e-20
0.836670,-8.893135e-20
0.836914,-8.990645e-20
0.837158,-8.905386e-20
0.837402,-8.638314e-20
0.837646,-8.194121e-20
0.837891,-7.581126e-20
0.838135,-6.811215e-20
0.838379,-5.899556e-20
0.838623,-4.864154e-20
0.838867,-3.726126e-20
0.839111,-2.508332e-20
0.839355,-1.235580e-20
0.839600,6.553410e-22
0.839844,1.368610e-20
0.840088,2.646078e-20
0.840332,3.871220e-20
0.840576,5.018351e-20
0.840820,6.063040e-20
0.841064,6.982667e-20
0.841309,7.757509e-20
0.841553,8.370451e-20
0.841797,8.807903e-20
0.842041,9.059754e-20
0.842285,9.119865e-20
0.842529,8.986062e-20
0.842773,8.660355e-20
0.843018,8.148800e-20
0.843262,7.461525e-20
0.843506,6.612428e-20
0.843750,5.619044e-20
0.843994,4.502240e-20
0.844238,3.285365e-20
0.844482,1.994377e-20
0.844727,6.569686e-21
0.844971,-6.980754e-21
0.845215,-2.041221e-20
0.845459,-3.343399e-20
0.845703,-4.575566e-20
0.845947,-5.710635e-20
0.846191,-6.723018e-20
0.846436,-7.590055e-20
0.846680,-8.291836e-20
0.846924,-8.812018e-20
0.847168,-9.138276e-20
0.847412,-9.262418e-20
0.847656,-9.180707e-20
0.847900,-8.893951e-20
0.848145,-8.407601e-20
0.848389,-7.731554e-20
0.848633,-6.880185e-20
0.848877,-5.871631e-20
0.849121,-4.727997e-20
0.849365,-3.474429e-20
0.849609,-2.138728e-20
0.849854,-7.509314e-21
0.850098,6.576516e-21
0.850342,2.054943e-20
0.850586,3.409031e-20
0.850830,4.688617e-20
0.851074,5.863951e-20
0.851318,6.907378e-20
0.851562,7.794140e-20
0.851807,8.503062e-20
0.852051,9.016676e-20
0.852295,9.322088e-20
0.852539,9.411114e-20
0.852783,9.280546e-20
0.853027,8.932339e-20
0.853271,8.373539e-20
0.853516,7.616158e-20
0.853760,6.677028e-20
0.854004,5.577428e-20
0.854248,4.342555e-20
0.854492,3.001069e-20
0.854736,1.584254e-20
0.854980,1.256396e-21
0.855225,-1.340159e-20
0.855469,-2.778016e-20
0.855713,-4.153236e-20
0.855957,-5.432291e-20
0.856201,-6.583783e-20
0.856445,-7.579141e-20
0.856689,-8.393278e-20
0.856934,-9.005475e-20
0.857178,-9.399620e-20
0.857422,-9.564904e-20
0.857666,-9.495999e-20
0.857910,-9.193304e-20
0.858154,-8.663019e-20
0.858398,-7.916933e-20
0.858643,-6.972390e-20
0.858887,-5.851682e-20
0.859131,-4.581767e-20
0.859375,-3.193564e-20
0.859619,-1.721225e-20
0.859863,-2.010334e-21
0.860107,1.328858e-20
0.860352,2.829915e-20
0.860596,4.263972e-20
0.860840,5.594276e-20
0.861084,6.786394e-20
0.861328,7.809068e-20
0.861572,8.635147e-20
0.861816,9.242336e-20
0.862061,9.613638e-20
0.862305,9.738166e-20
0.862549,9.611205e-20
0.862793,9.234544e-20
0.863037,8.616510e-20
0.863281,7.771757e-20
0.863525,6.720986e-20
0.863770,5.490567e-20
0.864014,4.111684e-20
0.864258,2.619871e-20
0.864502,1.053790e-20
0.864746,-5.453232e-21
0.864990,-2.135280e-20
0.865234,-3.673640e-20
0.865479,-5.118846e-20
0.865723,-6.431572e-20
0.865967,-7.575664e-20
0.866211,-8.519169e-20
0.866455,-9.235378e-20
0.866699,-9.703320e-20
0.866943,-9.908726e-20
0.867188,-9.844279e-20
0.867432,-9.510036e-20
0.867676,-8.913402e-20
0.867920,-8.069103e-20
0.868164,-6.998908e-20
0.868408,-5.731001e-20
0.868652,-4.299209e-20
0.868896,-2.742472e-20
0.869141,-1.103481e-20
0.869385,5.722816e-21
0.869629,2.238007e-20
0.869873,3.846631e-20
0.870117,5.352165e-20
0.870361,6.711079e-20
0.870605,7.883768e-20
0.870850,8.835399e-20
0.871094,9.537151e-20
0.871338,9.967166e-20
0.871582,1.011112e-19
0.871826,9.962851e-20
0.872070,9.524658e-20
0.872314,8.807220e-20
0.872559,7.829587e-20
0.872803,6.618587e-20
0.873047,5.208110e-20
0.873291,3.638476e-20
0.873535,1.954908e-20
0.873779,2.067036e-21
0.874023,-1.554419e-20
0.874268,-3.276001e-20
0.874512,-4.906013e-20
0.874756,-6.394636e-20
0.875000,-7.695916e-20
0.875244,-8.768989e-20
0.875488,-9.579434e-20
0.875732,-1.010055e-19
0.875977,-1.031420e-19
0.876221,-1.021148e-19
0.876465,-9.793127e-20
0.876709,-9.069707e-20
0.876953,-8.061355e-20
0.877197,-6.797309e-20
0.877441,-5.315099e-20
0.877686,-3.659666e-20
0.877930,-1.881798e-20
0.878174,-3.681392e-22
0.878418,1.817235e-20
0.878662,3.621291e-20
0.878906,5.317246e-20
0.879150,6.849771e-20
0.879395,8.168142e-20
0.879639,9.227947e-20
0.879883,9.992567e-20
0.880127,1.043474e-19
0.880371,1.053728e-19
0.880615,1.029397e-19
0.880859,9.709969e-20
0.881104,8.801711e-20
0.881348,7.596672e-20
0.881592,6.132508e-20
0.881836,4.456074e-20
0.882080,2.621924e-20
0.882324,6.906667e-21
0.882568,-1.273148e-20
0.882812,-3.202795e-20
0.883057,-5.032170e-20
0.883301,-6.697482e-20
0.883545,-8.139906e-20
0.883789,-9.307514e-20
0.884033,-1.015721e-19
0.884277,-1.065646e-19
0.884521,-1.078460e-19
0.884766,-1.053367e-19
0.885010,-9.909063e-20
0.885254,-8.929415e-20
0.885498,-7.626391e-20
0.885742,-6.043553e-20
0.885986,-4.235282e-20
0.886230,-2.264559e-20
0.886475,-2.014431e-21
0.886719,1.879638e-20
0.886963,3.902913e-20
0.887207,5.793273e-20
0.887451,7.479534e-20
0.887695,8.897146e-20
0.887939,9.990494e-20
0.888184,1.071544e-19
0.888428,1.104093e-19
0.888672,1.095059e-19
0.888916,1.044356e-19
0.889160,9.534945e-20
0.889404,8.255356e-20
0.889648,6.650207e-20
0.889893,4.778306e-20
0.890137,2.709655e-20
0.890381,5.230315e-21
0.890625,-1.696869e-20
0.890869,-3.862670e-20
0.891113,-5.887831e-20
0.891357,-7.689941e-20
0.891602,-9.194224e-20
0.891846,-1.033671e-19
0.892090,-1.106702e-19
0.892334,-1.135070e-19
0.892578,-1.117102e-19
0.892822,-1.053004e-19
0.893066,-9.448906e-20
0.893311,-7.967521e-20
0.893555,-6.143103e-20
0.893799,-4.048418e-20
0.894043,-1.768771e-20
0.894287,6.009580e-21
0.894531,2.960604e-20
0.894775,5.208354e-20
0.895020,7.245640e-20
0.895264,8.981042e-20
0.895508,1.033482e-19
0.895752,1.124250e-19
0.895996,1.165813e-19
0.896240,1.155682e-19
0.896484,1.093636e-19
0.896729,9.817926e-20
0.896973,8.245662e-20
0.897217,6.285270e-20
0.897461,4.021635e-20
0.897705,1.555273e-20
0.897949,-1.001810e-20
0.898193,-3.531087e-20
0.898438,-5.912911e-20
0.898682,-8.032213e-20
0.898926,-9.783981e-20
0.899170,-1.107866e-19
0.899414,-1.184691e-19
0.899658,-1.204352e-19
0.899902,-1.165034e-19
0.900146,-1.067793e-19
0.900391,-9.165914e-20
0.900635,-7.181745e-20
0.900879,-4.818281e-20
0.901123,-2.189751e-20
0.901367,5.734356e-21
0.901611,3.330835e-20
0.901855,5.939070e-20
0.902100,8.259013e-20
0.902344,1.016350e-19
0.902588,1.154429e-19
0.902832,1.231850e-19
0.903076,1.243389e-19
0.903320,1.187278e-19
0.903564,1.065411e-19
0.903809,8.833644e-20
0.904053,6.502204e-20
0.904297,3.781689e-20
0.904541,8.193970e-21
0.904785,-2.219628e-20
0.905029,-5.161315e-20
0.905273,-7.832389e-20
0.905518,-1.007059e-19
0.905762,-1.173462e-19
0.906006,-1.271347e-19
0.906250,-1.293410e-19
0.906494,-1.236756e-19
0.906738,-1.103237e-19
0.906982,-8.995394e-20
0.907227,-6.369534e-20
0.907471,-3.308575e-20
0.907715,9.115849e-24
0.907959,3.350197e-20
0.908203,6.521129e-20
0.908447,9.299870e-20
0.908691,1.149153e-19
0.908936,1.293403e-19
0.909180,1.351065e-19
0.909424,1.316022e-19
0.909668,1.188401e-19
0.909912,9.748709e-20
0.910156,6.884855e-20
0.910400,3.480781e-20
0.910645,-2.283914e-21
0.910889,-3.975376e-20
0.911133,-7.479283e-20
0.911377,-1.046600e-19
0.911621,-1.268970e-19
0.911865,-1.395356e-19
0.912109,-1.412812e-19
0.912354,-1.316564e-19
0.912598,-1.110886e-19
0.912842,-8.093147e-20
0.913086,-4.340862e-20
0.913330,-1.481606e-21
0.913574,4.135703e-20
0.913818,8.135412e-20
0.914062,1.148127e-19
0.914307,1.384313e-19
0.914551,1.496366e-19
0.914795,1.468802e-19
0.915039,1.298654e-19
0.915283,9.967448e-20
0.915527,5.877363e-20
0.915771,1.087850e-20
0.916016,-3.932239e-20
0.916260,-8.657814e-20
0.916504,-1.255894e-19
0.916748,-1.505803e-19
0.916992,-1.556654e-19
0.917236,-1.433389e-19
0.917480,-1.156060e-19
0.917725,-7.610291e-20
0.917969,-2.963401e-20
0.918213,1.840237e-20
0.918457,6.263330e-20
0.918701,9.830482e-20
0.918945,1.217852e-19
0.919189,1.309253e-19
0.919434,1.252419e-19
0.919678,1.059099e-19
0.919922,7.557110e-20
0.920166,3.798778e-20
0.920410,-2.414630e-21
0.920654,-4.106179e-20
0.920898,-7.374205e-20
0.921143,-9.705913e-20
0.921387,-1.087779e-19
0.921631,-1.080288e-19
0.921875,-9.535396e-20
0.922119,-7.259513e-20
0.922363,-4.264195e-20
0.922607,-9.073691e-21
0.922852,2.426220e-20
0.923096,5.368570e-20
0.923340,7.608522e-20
0.923584,8.924098e-20
0.923828,9.203770e-20
0.924072,8.454745e-20
0.924316,6.797794e-20
0.924561,4.449694e-20
0.924805,1.695720e-20
0.925049,-1.144451e-20
0.925293,-3.753383e-20
0.925537,-5.850912e-20
0.925781,-7.223784e-20
0.926025,-7.746782e-20
0.926270,-7.393337e-20
0.926514,-6.234838e-20
0.926758,-4.429125e-20
0.927002,-2.199837e-20
0.927246,1.907553e-21
0.927490,2.472192e-20
0.927734,4.396052e-20
0.927979,5.762632e-20
0.928223,6.441245e-20
0.928467,6.382141e-20
0.928711,5.619031e-20
0.928955,4.262283e-20
0.929199,2.483885e-20
0.929443,4.961465e-21
0.929688,-1.473280e-20
0.929932,-3.207151e-20
0.930176,-4.522291e-20
0.930420,-5.288602e-20
0.930664,-5.441506e-20
0.930908,-4.986677e-20
0.931152,-3.996825e-20
0.931396,-2.601182e-20
0.931641,-9.691229e-21
0.931885,7.100588e-21
0.932129,2.248814e-20
0.932373,3.482065e-20
0.932617,4.284612e-20
0.932861,4.583520e-20
0.933105,4.364264e-20
0.933350,3.670189e-20
0.933594,2.595582e-20
0.933838,1.273359e-20
0.934082,-1.410574e-21
0.934326,-1.487772e-20
0.934570,-2.620267e-20
0.934814,-3.421125e-20
0.935059,-3.813948e-20
0.935303,-3.770300e-20
0.935547,-3.311085e-20
0.935791,-2.502422e-20
0.936035,-1.446656e-20
0.936279,-2.697074e-21
0.936523,8.937355e-21
0.936768,1.915438e-20
0.937012,2.687572e-20
0.937256,3.133894e-20
0.937500,3.217020e-20
0.937744,2.941131e-20
0.937988,2.349974e-20
0.938232,1.520572e-20
0.938477,5.534710e-21
0.938721,-4.392506e-21
0.938965,-1.346807e-20
0.939209,-2.071916e-20
0.939453,-2.541067e-20
0.939697,-2.711776e-20
0.939941,-2.576146e-20
0.940186,-2.160469e-20
0.940430,-1.521051e-20
0.940674,-7.368835e-21
0.940918,9.993609e-22
0.941162,8.948768e-21
0.941406,1.561523e-20
0.941650,2.030838e-20
0.941895,2.258160e-20
0.942139,2.227250e-20
0.942383,1.951040e-20
0.942627,1.469125e-20
0.942871,8.424050e-21
0.943115,1.455582e-21
0.943359,-5.417284e-21
0.943604,-1.143764e-20
0.943848,-1.597067e-20
0.944092,-1.856964e-20
0.944336,-1.901820e-20
0.944580,-1.734592e-20
0.944824,-1.381596e-20
0.945068,-8.887316e-21
0.945312,-3.156839e-21
0.945557,2.711872e-21
0.945801,8.064368e-21
0.946045,1.232742e-20
0.946289,1.506947e-20
0.946533,1.604313e-20
0.946777,1.520579e-20
0.947021,1.271682e-20
0.947266,8.912433e-21
0.947510,4.262033e-21
0.947754,-6.886700e-22
0.947998,-5.380832e-21
0.948242,-9.304800e-21
0.948486,-1.205469e-20
0.948730,-1.336948e-20
0.948975,-1.315655e-20
0.949219,-1.149572e-20
0.949463,-8.624094e-21
0.949707,-4.904000e-21
0.949951,-7.783066e-22
0.950195,3.281549e-21
0.950439,6.828780e-21
0.950684,9.489775e-21
0.950928,1.100274e-20
0.951172,1.124256e-20
0.951416,1.022959e-20
0.951660,8.122051e-21
0.951904,5.193451e-21
0.952148,1.798074e-21
0.952393,-1.671199e-21
0.952637,-4.827781e-21
0.952881,-7.333920e-21
0.953125,-8.936277e-21
0.953369,-9.490841e-21
0.953613,-8.974844e-21
0.953857,-7.484809e-21
0.954102,-5.221480e-21
0.954346,-2.463769e-21
0.954590,4.649808e-22
0.954834,3.234412e-21
0.955078,5.543963e-21
0.955322,7.155026e-21
0.955566,7.915065e-21
0.955811,7.771331e-21
0.956055,6.773014e-21
0.956299,5.062050e-21
0.956543,2.854001e-21
0.956787,4.114900e-22
0.957031,-1.986591e-21
0.957275,-4.076536e-21
0.957520,-5.638448e-21
0.957764,-6.518954e-21
0.958008,-6.645724e-21
0.958252,-6.032494e-21
0.958496,-4.774370e-21
0.958740,-3.034314e-21
0.958984,-1.022607e-21
0.959229,1.028154e-21
0.959473,2.889621e-21
0.959717,4.362799e-21
0.959961,5.298985e-21
0.960205,5.614372e-21
0.960449,5.296927e-21
0.960693,4.405084e-21
0.960938,3.058677e-21
0.961182,1.423426e-21
0.961426,-3.090944e-22
0.961670,-1.943604e-21
0.961914,-3.302857e-21
0.962158,-4.246595e-21
0.962402,-4.685700e-21
0.962646,-4.590172e-21
0.962891,-3.990271e-21
0.963135,-2.970953e-21
0.963379,-1.660450e-21
0.963623,-2.144901e-22
0.963867,1.201946e-21
0.964111,2.433221e-21
0.964355,3.349917e-21
0.964600,3.862191e-21
0.964844,3.928255e-21
0.965088,3.557236e-21
0.965332,2.806283e-21
0.965576,1.772481e-21
0.965820,5.806345e-22
0.966064,-6.315598e-22
0.966309,-1.729227e-21
0.966553,-2.595131e-21
0.966797,-3.142003e-21
0.967041,-3.321073e-21
0.967285,-3.126047e-21
0.967529,-2.592284e-21
0.967773,-1.791326e-21
0.968018,-8.216442e-22
0.968262,2.032434e-22
0.968506,1.167893e-21
0.968750,1.967777e-21
0.968994,2.520451e-21
0.969238,2.773864e-21
0.969482,2.710995e-21
0.969727,2.350450e-21
0.969971,1.743091e-21
0.970215,9.652155e-22
0.970459,1.091823e-22
0.970703,-7.274037e-22
0.970947,-1.452685e-21
0.971191,-1.990503e-21
0.971436,-2.288248e-21
0.971680,-2.321817e-21
0.971924,-2.097223e-21
0.972168,-1.648828e-21
0.972412,-1.034494e-21
0.972656,-3.283116e-22
0.972900,3.881907e-22
0.973145,1.035347e-21
0.973389,1.544100e-21
0.973633,1.863248e-21
0.973877,1.964460e-21
0.974121,1.844562e-21
0.974365,1.524967e-21
0.974609,1.048393e-21
0.974854,4.733608e-22
0.975098,-1.328734e-22
0.975342,-7.020757e-22
0.975586,-1.172624e-21
0.975830,-1.496082e-21
0.976074,-1.642074e-21
0.976318,-1.600982e-21
0.976562,-1.384243e-21
0.976807,-1.022310e-21
0.977051,-5.605820e-22
0.977295,-5.382745e-23
0.977539,4.402190e-22
0.977783,8.673556e-22
0.978027,1.182781e-21
0.978271,1.355706e-21
0.978516,1.372242e-21
0.978760,1.236322e-21
0.979004,9.685993e-22
0.979248,6.035549e-22
0.979492,1.851678e-22
0.979736,-2.382997e-22
0.979980,-6.198007e-22
0.980225,-9.186651e-22
0.980469,-1.104865e-21
0.980713,-1.161946e-21
0.980957,-1.088346e-21
0.981201,-8.970243e-22
0.981445,-6.134867e-22
0.981689,-2.725053e-22
0.981934,8.607184e-23
0.982178,4.219177e-22
0.982422,6.987056e-22
0.982666,8.879823e-22
0.982910,9.720261e-22
0.983154,9.454126e-22
0.983398,8.151626e-22
0.983643,5.995063e-22
0.983887,3.254531e-22
0.984131,2.547998e-23
0.984375,-2.662643e-22
0.984619,-5.177992e-22
0.984863,-7.027715e-22
0.985107,-8.031643e-22
0.985352,-8.109835e-22
0.985596,-7.287736e-22
0.985840,-5.689475e-22
0.986084,-3.520498e-22
0.986328,-1.041840e-22
0.986572,1.460814e-22
0.986816,3.709642e-22
0.987061,5.465144e-22
0.987305,6.551230e-22
0.987549,6.872374e-22
0.987793,6.421211e-22
0.988037,5.276113e-22
0.988281,3.589349e-22
0.988525,1.567524e-22
0.988770,-5.532924e-23
0.989014,-2.534770e-22
0.989258,-4.162777e-22
0.989502,-5.270181e-22
0.989746,-5.753614e-22
0.989990,-5.582562e-22
0.990234,-4.800060e-22
0.990479,-3.515217e-22
0.990723,-1.888712e-22
0.990967,-1.131142e-23
0.991211,1.609603e-22
0.991455,3.090756e-22
0.991699,4.175341e-22
0.991943,4.757948e-22
0.992188,4.792595e-22
0.992432,4.295631e-22
0.992676,3.341629e-22
0.992920,2.052988e-22
0.993164,5.846314e-23
0.993408,-8.943374e-23
0.993652,-2.219869e-22
0.993896,-3.250935e-22
0.994141,-3.884286e-22
0.994385,-4.064485e-22
0.994629,-3.788283e-22
0.994873,-3.103053e-22
0.995117,-2.099686e-22
0.995361,-9.009279e-23
0.995605,3.533720e-23
0.995850,1.522371e-22
0.996094,2.479853e-22
0.996338,3.127656e-22
0.996582,3.405502e-22
0.996826,3.296271e-22
0.997070,2.826307e-22
0.997314,2.060901e-22
0.997559,1.095632e-22
0.997803,4.467590e-24
0.998047,-9.725158e-23
0.998291,-1.844627e-22
0.998535,-2.480496e-22
0.998779,-2.818460e-22
0.999023,-2.832094e-22
0.999268,-2.531834e-22
0.999512,-1.962467e-22
0.999756,-1.196909e-22
